village_id,farm_id,crop_type,health_index,yield_estimate_to_date,crop_confidence,area_ha,quality_flag,gamma0_dB_06Jun,gamma0_dB_19Jun,gamma0_dB_14Aug,gamma0_dB_13Oct,establishment_dB,retention_dB,s2_ndvi_13Oct_validation_only
22,1,Groundnut,16.77,8.85,0.358,0.2843,ok,-20.273,-16.083,-21.27,-20.852,-5.187,0.418,0.1802
22,2,Groundnut,26.87,11.44,0.476,0.2215,ok,-19.887,-16.037,-20.717,-20.424,-4.68,0.292,0.1573
22,3,Cotton,23.0,11.07,0.018,0.5009,ok,-19.871,-16.035,-21.56,-19.151,-5.525,2.409,0.2982
22,4,Bajra,36.97,37.49,0.439,0.0336,ok,-20.418,-17.041,-18.765,-20.993,-1.724,-2.228,0.2325
22,5,Cotton,42.9,21.46,0.215,0.5675,ok,-19.883,-16.023,-20.644,-18.142,-4.621,2.502,0.2082
22,6,Groundnut,62.02,46.07,0.277,0.8379,ok,-19.21,-17.377,-19.485,-19.969,-2.109,-0.484,0.2308
22,7,Groundnut,39.41,20.64,0.409,0.1951,ok,-19.71,-17.11,-21.28,-20.075,-4.17,1.204,0.2546
22,8,Groundnut,33.15,24.96,0.449,0.8917,ok,-19.746,-17.33,-21.016,-20.408,-3.686,0.608,0.241
22,9,Rice,69.62,60.89,0.113,0.4171,ok,-20.112,-18.815,-19.153,-18.688,-0.338,0.465,0.4321
22,10,Cotton,47.02,41.79,0.201,0.386,ok,-19.23,-16.355,-19.007,-18.465,-2.652,0.542,0.3512
22,11,Groundnut,48.54,24.72,0.113,0.4431,ok,-19.867,-17.227,-19.98,-20.03,-2.753,-0.05,0.2964
22,12,Groundnut,67.83,32.39,0.121,0.5517,ok,-17.461,-16.273,-18.6,-19.567,-2.327,-0.967,0.2464
22,13,Groundnut,41.68,19.75,0.439,0.4815,ok,-20.038,-16.882,-20.74,-19.903,-3.858,0.838,0.2031
22,14,Maize,77.34,67.94,0.245,0.2897,ok,-16.476,-15.969,-15.88,-17.723,0.089,-1.843,0.2946
22,15,Cotton,51.19,48.35,0.0,0.0,no_valid_sar,,,,,,,
22,16,Cotton,51.19,48.35,0.0,0.0,no_valid_sar,,,,,,,
22,17,Cotton,51.19,48.35,0.0,0.0,no_valid_sar,,,,,,,
22,18,Cotton,51.19,48.35,0.0,0.0,no_valid_sar,,,,,,,
22,19,Cotton,51.19,48.35,0.0,0.0,no_valid_sar,,,,,,,
22,20,Groundnut,64.82,18.67,0.38,0.3876,ok,-19.286,-15.385,-18.983,-18.867,-3.598,0.116,0.308
22,21,Groundnut,43.23,5.56,0.453,0.5725,ok,-19.604,-14.365,-20.158,-19.747,-5.792,0.411,0.2341
22,22,Cotton,27.54,13.04,0.026,0.3981,ok,-18.808,-15.059,-19.446,-18.664,-4.388,0.783,0.225
22,23,Cotton,51.19,48.35,0.0,0.0,no_valid_sar,,,,,,,
22,24,Groundnut,49.34,7.65,0.429,0.2566,ok,-18.414,-14.451,-19.298,-19.576,-4.847,-0.278,0.2355
22,25,Cotton,40.15,35.26,0.282,0.102,ok,-18.858,-16.254,-19.264,-18.62,-3.01,0.644,0.2602
22,26,Groundnut,46.07,10.2,0.579,0.4838,ok,-19.218,-15.009,-19.804,-19.823,-4.795,-0.019,0.2329
22,27,Groundnut,41.79,19.69,0.505,0.5415,ok,-19.56,-16.148,-19.854,-20.172,-3.706,-0.318,0.2411
22,28,Groundnut,62.52,23.0,0.535,0.2599,ok,-18.997,-15.607,-19.01,-19.497,-3.403,-0.487,0.3509
22,29,Groundnut,25.18,15.47,0.127,0.5681,ok,-20.34,-15.97,-19.911,-20.826,-3.941,-0.915,0.163
22,30,Cotton,78.96,68.28,0.152,0.3339,ok,-16.429,-14.397,-14.015,-14.629,0.382,-0.613,0.4634
22,31,Groundnut,56.42,44.37,0.172,0.5907,ok,-20.291,-16.735,-18.274,-20.247,-1.539,-1.972,0.162
22,32,Groundnut,24.1,10.93,0.121,0.1085,ok,-18.493,-15.31,-19.702,-20.759,-4.392,-1.057,0.2068
22,33,Groundnut,59.84,9.5,0.435,0.6522,ok,-18.845,-14.212,-19.031,-18.796,-4.82,0.235,0.24
22,34,Groundnut,58.25,5.94,0.361,0.468,ok,-19.653,-14.169,-19.838,-18.804,-5.669,1.035,0.2606
22,35,Bajra,20.91,12.34,0.383,0.9923,ok,-20.054,-16.113,-20.014,-21.035,-3.9,-1.021,0.1841
22,36,Bajra,25.37,24.75,0.496,0.9021,ok,-20.577,-16.78,-19.745,-21.103,-2.964,-1.358,0.1876
22,37,Groundnut,55.43,15.13,0.565,0.5266,ok,-19.419,-15.669,-20.08,-19.458,-4.411,0.622,0.1998
22,38,Groundnut,48.66,10.87,0.46,0.4925,ok,-19.662,-15.593,-20.611,-19.688,-5.018,0.923,0.1941
22,39,Groundnut,52.21,5.56,0.373,0.6675,ok,-18.983,-14.56,-19.632,-19.03,-5.072,0.602,0.3405
22,40,Groundnut,59.67,19.93,0.705,0.532,ok,-19.912,-15.636,-19.495,-19.549,-3.859,-0.054,0.271
22,41,Cotton,78.37,69.46,0.09,0.9448,ok,-15.616,-13.931,-13.923,-14.881,0.009,-0.959,0.437
22,42,Cotton,97.07,95.66,0.088,1.3556,ok,-17.773,-16.243,-14.324,-13.468,1.919,0.856,0.5809
22,43,Groundnut,63.41,20.56,0.395,0.646,ok,-19.561,-15.992,-19.417,-19.054,-3.425,0.363,0.3055
22,44,Groundnut,93.41,63.77,0.251,0.3343,ok,-19.42,-17.156,-18.819,-18.742,-1.663,0.077,0.3209
22,45,Groundnut,84.86,51.56,0.217,0.4164,ok,-18.723,-16.935,-18.858,-18.746,-1.923,0.112,0.3209
22,46,Cotton,51.19,48.35,0.0,0.0,no_valid_sar,,,,,,,
22,47,Groundnut,84.13,44.04,0.047,0.9941,ok,-19.464,-15.725,-17.724,-18.519,-1.999,-0.795,0.4032
22,48,Groundnut,67.22,25.67,0.096,0.5443,ok,-19.398,-15.897,-18.595,-19.352,-2.698,-0.757,0.2756
22,49,Cotton,42.62,10.07,0.044,1.4404,ok,-18.942,-14.135,-19.345,-18.159,-5.21,1.186,0.1926
22,50,Cotton,51.19,48.35,0.0,0.0,no_valid_sar,,,,,,,
22,51,Cotton,51.19,48.35,0.0,0.0219,no_valid_sar,,,,,,,0.2926
22,52,Cotton,51.19,48.35,0.0,0.0,no_valid_sar,,,,,,,
22,53,Groundnut,82.02,36.87,0.254,0.2259,ok,-19.471,-15.462,-18.016,-18.53,-2.554,-0.514,0.3868
22,54,Bajra,76.28,57.29,0.449,0.1834,ok,-18.42,-17.581,-18.74,-20.18,-1.16,-1.439,0.2124
22,55,Maize,38.24,75.42,0.016,0.2352,ok,-19.702,-20.952,-17.185,-20.514,3.768,-3.33,0.1571
22,56,Groundnut,41.97,15.53,0.594,0.337,ok,-18.634,-15.804,-19.985,-20.138,-4.18,-0.153,0.2138
22,57,Cotton,51.19,48.35,0.0,0.0,no_valid_sar,,,,,,,
22,58,Bajra,23.0,2.78,0.28,0.096,small_plot,-17.503,-13.962,-18.362,-20.813,-4.4,-2.451,0.3107
22,59,Maize,56.27,61.92,0.133,0.8145,ok,-18.446,-16.494,-17.805,-18.617,-1.312,-0.812,0.3656
22,60,Groundnut,72.95,38.2,0.505,0.2806,ok,-18.067,-16.869,-19.602,-19.208,-2.733,0.394,0.322
22,61,Groundnut,77.46,40.57,0.227,0.375,ok,-17.907,-16.779,-18.938,-19.042,-2.159,-0.104,0.364
22,62,Maize,42.4,65.49,0.03,0.4876,ok,-20.333,-18.461,-18.489,-19.876,-0.028,-1.387,0.2393
22,63,Groundnut,49.85,12.52,0.585,0.7578,ok,-19.705,-15.201,-19.665,-19.682,-4.463,-0.018,0.1877
22,64,Maize,49.48,64.24,0.044,0.9613,ok,-18.891,-17.407,-18.728,-18.799,-1.321,-0.071,0.2943
22,65,Groundnut,56.72,17.0,0.552,1.1754,ok,-19.45,-15.375,-19.448,-19.674,-4.073,-0.226,0.1628
22,66,Groundnut,33.93,7.44,0.427,0.4845,ok,-20.428,-15.009,-20.312,-20.276,-5.303,0.037,0.1629
22,67,Maize,68.14,41.31,0.147,0.9,ok,-15.733,-14.498,-14.703,-16.995,-0.205,-2.291,0.3088
22,68,Groundnut,43.76,14.33,0.272,0.5117,ok,-19.768,-16.229,-19.929,-19.893,-3.7,0.035,0.2569
22,69,Maize,38.79,36.98,0.072,1.0443,ok,-16.983,-16.008,-15.126,-19.856,0.882,-4.73,0.2083
22,70,Maize,64.4,65.15,0.044,1.1213,ok,-17.993,-16.519,-16.226,-19.014,0.293,-2.789,0.1611
22,71,Groundnut,54.82,22.38,0.646,0.5035,ok,-20.03,-16.3,-20.067,-19.671,-3.767,0.396,0.2395
22,72,Groundnut,61.0,57.24,0.109,0.3691,ok,-20.657,-17.859,-19.485,-20.305,-1.627,-0.819,0.3156
22,73,Bajra,69.47,51.68,0.411,0.3509,ok,-18.556,-17.998,-19.288,-20.254,-1.29,-0.966,0.1586
22,74,Cotton,84.0,74.26,0.21,0.9351,ok,-16.404,-15.67,-14.983,-14.844,0.688,0.139,0.4867
22,75,Groundnut,50.37,23.7,0.182,1.1756,ok,-19.826,-17.256,-20.031,-19.939,-2.775,0.092,0.2994
22,76,Cotton,25.79,29.72,0.361,1.3119,ok,-19.428,-16.68,-19.877,-19.174,-3.197,0.702,0.2982
22,77,Cotton,56.23,56.37,0.658,0.9374,ok,-19.751,-18.158,-19.79,-18.278,-1.631,1.512,0.2123
22,78,Groundnut,47.31,10.08,0.421,0.4009,ok,-20.315,-15.675,-20.602,-19.455,-4.928,1.147,0.2336
22,79,Groundnut,28.21,10.89,0.414,0.5705,ok,-20.453,-16.319,-21.105,-20.197,-4.787,0.909,0.207
22,80,Groundnut,15.85,11.7,0.315,1.3582,ok,-20.7,-16.914,-21.511,-20.681,-4.597,0.829,0.2007
22,81,Maize,51.08,79.21,0.024,1.4962,ok,-20.764,-18.058,-18.067,-19.818,-0.009,-1.751,0.2004
22,82,Groundnut,55.73,57.79,0.054,1.0646,ok,-20.758,-18.389,-20.026,-20.364,-1.637,-0.338,0.3736
22,83,Cotton,42.14,54.55,0.315,0.4909,ok,-18.944,-17.722,-19.927,-19.113,-2.205,0.814,0.3603
22,84,Cotton,60.98,53.03,0.034,0.1652,ok,-19.736,-16.174,-17.792,-17.909,-1.618,-0.117,0.374
22,85,Cotton,86.0,79.03,0.129,1.2806,ok,-15.098,-13.343,-13.177,-13.446,0.166,-0.269,0.5197
22,86,Cotton,85.81,79.57,0.127,2.7346,ok,-15.802,-14.12,-13.611,-13.935,0.509,-0.324,0.5732
22,87,Maize,43.02,27.63,0.101,0.7772,ok,-18.451,-16.282,-18.324,-18.791,-2.042,-0.467,0.2765
22,88,Groundnut,50.53,12.35,0.495,0.2609,ok,-17.718,-15.574,-20.345,-19.709,-4.771,0.636,0.2797
22,89,Groundnut,47.65,17.17,0.388,0.7262,ok,-18.598,-16.322,-19.95,-19.795,-3.628,0.155,0.2372
22,90,Cotton,67.36,67.97,0.072,0.3849,ok,-19.651,-17.124,-18.693,-18.043,-1.569,0.65,0.3923
22,91,Cotton,60.82,42.57,0.255,0.2343,ok,-19.153,-15.512,-18.364,-17.448,-2.853,0.917,0.4904
22,92,Cotton,62.02,46.77,0.205,0.2264,ok,-19.581,-15.857,-18.576,-17.608,-2.719,0.968,0.48
22,93,Cotton,57.7,50.02,0.544,0.1393,ok,-19.135,-16.888,-19.685,-17.275,-2.797,2.41,0.4585
22,94,Cotton,51.7,36.18,0.003,0.2785,ok,-18.73,-15.856,-19.137,-18.058,-3.281,1.079,0.4139
22,95,Maize,45.85,46.35,0.054,0.284,ok,-17.42,-15.586,-16.674,-18.757,-1.087,-2.083,0.2725
22,96,Maize,54.0,77.54,0.147,1.1555,ok,-19.366,-18.105,-18.898,-19.379,-0.794,-0.48,0.3632
22,97,Groundnut,58.68,21.14,0.496,0.5992,ok,-18.957,-16.293,-19.938,-19.392,-3.645,0.546,0.2718
22,98,Rice,77.15,83.66,0.041,0.2332,ok,-18.038,-17.748,-18.445,-18.404,-0.697,0.041,0.2429
22,99,Cotton,51.92,49.18,0.093,0.0758,ok,-16.331,-16.8,-18.384,-18.357,-1.584,0.027,0.2923
22,100,Bajra,48.02,29.49,0.449,1.0383,ok,-18.676,-16.325,-18.798,-20.716,-2.473,-1.918,0.1748
22,101,Rice,66.51,74.37,0.063,0.8634,ok,-19.637,-17.819,-18.838,-18.416,-1.019,0.421,0.3686
22,102,Cotton,58.29,47.39,0.628,0.8774,ok,-18.947,-16.581,-18.923,-17.74,-2.343,1.184,0.339
22,103,Rice,100.0,100.0,0.111,0.8204,ok,-19.443,-18.377,-13.902,-13.664,4.475,0.238,0.5865
22,104,Cotton,44.1,35.97,0.294,1.2057,ok,-18.992,-16.526,-19.153,-18.406,-2.627,0.747,0.3757
22,105,Cotton,77.23,65.88,0.026,0.8696,ok,-15.025,-13.809,-13.986,-15.168,-0.177,-1.182,0.4312
22,106,Cotton,87.42,81.73,0.095,1.2328,ok,-15.651,-13.631,-13.164,-13.669,0.467,-0.506,0.5164
22,107,Maize,40.95,42.21,0.102,0.3454,ok,-18.787,-16.193,-17.63,-18.924,-1.436,-1.294,0.3356
22,108,Cotton,78.29,68.5,0.124,1.4405,ok,-15.421,-13.797,-13.641,-14.506,0.156,-0.866,0.4523
22,109,Cotton,44.71,18.49,0.567,0.384,ok,-19.056,-15.298,-19.48,-17.308,-4.182,2.172,0.4222
22,110,Cotton,68.99,56.44,0.049,0.9027,ok,-15.936,-14.278,-14.277,-15.49,0.001,-1.213,0.4016
22,111,Cotton,50.07,32.67,0.558,1.7361,ok,-19.886,-15.882,-19.371,-17.551,-3.489,1.82,0.4058
22,112,Bajra,34.91,25.51,0.468,0.4228,ok,-19.991,-16.256,-19.041,-20.898,-2.784,-1.857,0.1692
22,113,Cotton,45.14,25.98,0.327,0.4519,ok,-18.946,-15.553,-19.427,-18.025,-3.874,1.402,0.2611
22,114,Groundnut,52.76,17.23,0.354,2.7161,ok,-19.783,-16.55,-20.301,-19.414,-3.751,0.886,0.2308
22,115,Rice,62.73,69.65,0.071,1.1777,ok,-20.158,-17.715,-19.308,-18.105,-1.594,1.204,0.4778
22,116,Groundnut,52.56,16.05,0.424,1.4371,ok,-20.286,-16.147,-20.41,-19.338,-4.264,1.073,0.2763
22,117,Maize,61.83,52.53,0.052,0.5395,ok,-16.286,-14.982,-15.53,-18.437,-0.548,-2.906,0.1642
22,118,Groundnut,43.46,18.56,0.57,0.9738,ok,-19.878,-16.216,-20.042,-19.965,-3.826,0.077,0.211
22,119,Maize,62.9,42.5,0.015,0.5508,ok,-16.024,-14.48,-14.443,-18.359,0.037,-3.915,0.2039
22,120,Maize,83.11,88.16,0.399,1.0908,ok,-20.416,-17.49,-17.297,-18.552,0.193,-1.255,0.2144
22,121,Cotton,77.39,72.9,0.234,1.3063,ok,-16.24,-15.374,-15.461,-15.496,-0.086,-0.036,0.4228
22,122,Cotton,46.17,55.31,0.428,0.8743,ok,-20.927,-19.424,-20.869,-18.781,-1.444,2.088,0.2141
22,123,Cotton,71.09,68.59,0.158,0.643,ok,-20.12,-17.304,-19.414,-17.298,-2.11,2.116,0.4621
22,124,Cotton,25.65,42.12,0.008,0.7599,ok,-20.189,-18.555,-20.357,-19.884,-1.801,0.473,0.2069
22,125,Groundnut,33.69,17.98,0.468,1.0226,ok,-20.286,-16.63,-20.576,-20.248,-3.946,0.327,0.1613
22,126,Cotton,49.22,50.8,0.352,0.7151,ok,-20.698,-17.652,-20.527,-18.349,-2.876,2.178,0.4104
22,127,Rice,48.84,74.18,0.026,0.504,ok,-19.77,-19.387,-20.451,-19.25,-1.064,1.201,0.4142
22,128,Groundnut,55.98,30.88,0.439,0.2559,ok,-19.908,-17.353,-20.281,-19.708,-2.928,0.573,0.227
22,129,Rice,46.69,71.99,0.002,0.2874,ok,-21.134,-19.83,-20.379,-19.583,-0.549,0.796,0.2056
22,130,Groundnut,74.41,29.49,0.14,1.1299,ok,-19.716,-16.808,-19.103,-19.091,-2.295,0.012,0.3425
22,131,Groundnut,62.74,62.8,0.306,0.3507,ok,-19.329,-18.855,-20.489,-20.174,-1.635,0.315,0.4677
22,132,Rice,39.75,45.25,0.289,0.2255,ok,-18.832,-17.643,-20.435,-19.098,-2.792,1.337,0.317
22,133,Cotton,40.52,56.95,0.167,0.2754,ok,-20.679,-18.192,-20.448,-19.205,-2.256,1.244,0.2511
22,134,Cotton,42.24,51.5,0.133,0.5425,ok,-19.053,-17.875,-20.604,-18.866,-2.729,1.738,0.4392
22,135,Cotton,23.95,27.99,0.066,2.3403,ok,-19.639,-17.315,-19.565,-19.366,-2.25,0.199,0.2652
22,136,Groundnut,73.1,29.24,0.123,0.6784,ok,-18.94,-15.487,-18.074,-19.105,-2.587,-1.031,0.2729
22,137,Cotton,97.42,97.62,0.15,1.7808,ok,-19.443,-16.314,-15.609,-13.9,0.705,1.708,0.4692
22,138,Cotton,94.39,95.61,0.056,0.8421,ok,-19.954,-16.601,-15.137,-14.708,1.463,0.429,0.417
22,139,Cotton,42.73,37.11,0.568,0.9984,ok,-20.066,-16.96,-20.122,-18.227,-3.162,1.895,0.3352
22,140,Cotton,61.29,59.39,0.192,0.2669,ok,-19.894,-17.692,-20.253,-17.067,-2.56,3.186,0.4445
22,141,Maize,46.47,91.48,0.183,0.484,ok,-20.705,-19.697,-19.725,-20.004,-0.028,-0.279,0.1693
22,142,Groundnut,71.64,73.03,0.059,1.9453,ok,-20.618,-19.054,-19.989,-19.976,-0.935,0.012,0.1591
22,143,Groundnut,88.52,71.64,0.11,0.6453,ok,-19.758,-18.025,-19.021,-19.495,-0.997,-0.474,0.1613
22,144,Cotton,75.51,86.15,0.212,2.4646,ok,-20.648,-19.585,-20.285,-17.227,-0.7,3.058,0.4252
22,145,Groundnut,73.04,59.49,0.374,1.2803,ok,-19.299,-18.158,-19.872,-19.784,-1.714,0.088,0.2031
22,146,Cotton,51.54,43.74,0.617,0.695,ok,-19.241,-16.868,-19.599,-18.022,-2.73,1.576,0.2347
22,147,Rice,92.32,88.16,0.075,0.6208,ok,-19.785,-16.733,-16.009,-16.46,0.725,-0.451,0.2347
22,148,Cotton,63.11,52.77,0.578,0.2687,ok,-19.681,-16.488,-19.062,-17.062,-2.573,1.999,0.4257
22,149,Cotton,0.26,11.25,0.088,1.1391,ok,-20.346,-16.26,-19.674,-20.192,-3.414,-0.518,0.1813
22,150,Groundnut,56.13,11.36,0.379,0.771,ok,-19.409,-15.3,-19.524,-19.024,-4.224,0.5,0.2159
22,151,Maize,55.91,66.5,0.038,0.4697,ok,-19.0,-16.638,-17.694,-18.915,-1.056,-1.222,0.3286
22,152,Groundnut,65.73,25.49,0.475,0.3038,ok,-19.236,-16.196,-19.983,-19.219,-3.787,0.763,0.3458
22,153,Cotton,43.86,31.96,0.065,0.2808,ok,-19.407,-16.281,-19.859,-18.481,-3.578,1.378,0.3301
22,154,Cotton,83.52,75.59,0.039,0.7238,ok,-18.383,-16.111,-13.349,-14.044,2.763,-0.695,0.5551
22,155,Groundnut,54.08,22.74,0.258,0.4358,ok,-18.986,-17.395,-20.241,-19.712,-2.846,0.529,0.187
22,156,Groundnut,69.59,31.39,0.282,0.8466,ok,-19.73,-16.965,-19.484,-19.31,-2.519,0.174,0.3329
22,157,Rice,57.71,77.91,0.163,0.4224,ok,-20.854,-19.138,-20.19,-18.869,-1.053,1.321,0.2436
22,158,Groundnut,58.15,25.44,0.021,0.4538,ok,-19.429,-15.59,-18.538,-19.71,-2.948,-1.172,0.2727
22,159,Bajra,64.58,26.45,0.338,0.6722,ok,-19.19,-15.534,-18.109,-19.669,-2.574,-1.561,0.2542
22,160,Cotton,47.6,39.79,0.116,0.702,ok,-18.578,-16.491,-19.5,-18.361,-3.008,1.138,0.2116
22,161,Groundnut,64.73,37.53,0.389,0.5002,ok,-19.439,-17.585,-20.462,-19.418,-2.877,1.044,0.2481
22,162,Groundnut,69.43,29.68,0.417,0.3072,ok,-18.333,-16.439,-19.264,-19.162,-2.825,0.102,0.2242
22,163,Cotton,75.29,64.75,0.171,0.9803,ok,-15.481,-14.513,-14.579,-15.183,-0.066,-0.605,0.4458
22,164,Cotton,56.03,32.01,0.105,0.9062,ok,-17.832,-15.902,-17.427,-17.7,-1.524,-0.273,0.1916
22,165,Cotton,38.12,36.92,0.029,0.7514,ok,-20.051,-16.876,-18.967,-18.777,-2.091,0.19,0.2291
22,166,Groundnut,72.67,41.54,0.545,1.1974,ok,-20.236,-17.184,-19.869,-19.443,-2.686,0.426,0.2159
22,167,Cotton,30.99,33.19,0.077,0.7704,ok,-20.246,-17.269,-20.89,-18.988,-3.62,1.902,0.2753
22,168,Groundnut,52.86,40.51,0.155,0.7724,ok,-19.536,-18.161,-20.291,-20.146,-2.131,0.145,0.3024
22,169,Bajra,37.95,24.28,0.153,1.2283,ok,-16.643,-15.933,-16.316,-20.953,-0.382,-4.638,0.1537
22,170,Cotton,33.99,40.14,0.441,0.5501,ok,-20.398,-17.835,-21.088,-18.595,-3.253,2.493,0.2062
22,171,Cotton,60.47,66.26,0.44,0.324,ok,-19.861,-18.211,-20.253,-18.036,-2.042,2.217,0.2303
22,172,Cotton,25.43,3.33,0.127,0.7412,ok,-19.936,-15.876,-21.102,-15.693,-5.226,5.409,0.2213
22,173,Cotton,74.39,57.5,0.263,1.0506,ok,-15.473,-14.901,-15.024,-15.255,-0.123,-0.231,0.4076
22,174,Maize,66.36,45.18,0.122,0.9526,ok,-18.956,-18.006,-17.658,-19.151,0.349,-1.493,0.2324
22,175,Rice,34.28,73.03,0.069,0.1686,ok,-20.679,-20.135,-20.857,-19.982,-0.722,0.875,0.3984
22,176,Cotton,42.08,49.57,0.045,0.1732,ok,-19.094,-17.934,-20.943,-18.757,-3.009,2.186,0.3135
22,177,Cotton,29.21,51.77,0.097,0.417,ok,-19.955,-18.879,-20.71,-19.78,-1.831,0.93,0.3058
22,178,Cotton,65.24,47.7,0.108,0.2664,ok,-18.533,-18.191,-18.925,-18.005,-0.735,0.92,0.2467
22,179,Maize,45.49,72.34,0.107,0.2935,ok,-18.924,-18.719,-19.55,-19.412,-0.831,0.138,0.313
22,180,Groundnut,56.4,55.52,0.035,0.5213,ok,-17.945,-18.799,-20.199,-20.289,-1.401,-0.09,0.2917
22,181,Groundnut,40.26,22.38,0.351,0.3171,ok,-20.938,-17.573,-21.227,-19.909,-3.654,1.318,0.2169
22,182,Cotton,18.36,18.94,0.097,0.4785,ok,-20.845,-16.737,-21.271,-19.406,-4.533,1.865,0.33
22,183,Groundnut,59.97,17.36,0.367,0.3601,ok,-19.655,-15.754,-20.035,-18.956,-4.281,1.079,0.273
22,184,Cotton,43.22,15.84,0.081,0.8761,ok,-19.35,-14.911,-19.642,-18.177,-4.732,1.466,0.2894
22,185,Cotton,29.69,10.71,0.244,0.4617,ok,-19.679,-15.1,-19.374,-18.511,-4.274,0.863,0.265
22,186,Cotton,48.79,50.26,0.193,0.7722,ok,-19.338,-18.238,-19.318,-18.762,-1.081,0.556,0.2703
22,187,Rice,56.66,66.19,0.115,0.2648,ok,-19.358,-17.921,-19.129,-18.869,-1.208,0.26,0.2478
22,188,Cotton,52.32,71.66,0.207,0.7572,ok,-19.896,-18.775,-20.298,-18.89,-1.523,1.409,0.2574
22,189,Groundnut,76.98,60.09,0.396,0.4967,ok,-19.263,-17.952,-19.679,-19.692,-1.727,-0.013,0.302
22,190,Groundnut,62.58,26.88,0.517,0.6008,ok,-19.819,-16.61,-20.063,-19.32,-3.453,0.743,0.1817
22,191,Bajra,74.2,45.69,0.308,0.1818,ok,-18.232,-17.769,-18.743,-20.18,-0.974,-1.437,0.2724
22,192,Groundnut,37.89,27.49,0.474,0.5115,ok,-20.08,-17.301,-20.69,-20.353,-3.389,0.336,0.2167
22,193,Groundnut,68.33,29.45,0.552,1.1709,ok,-19.822,-16.52,-19.857,-19.267,-3.337,0.59,0.2075
22,194,Groundnut,50.67,11.16,0.371,0.5906,ok,-19.416,-15.483,-19.619,-19.526,-4.135,0.093,0.2173
22,195,Cotton,58.36,53.22,0.193,0.2705,ok,-19.337,-17.231,-20.09,-17.644,-2.86,2.446,0.203
22,196,Rice,29.92,67.45,0.242,0.2479,ok,-19.622,-19.023,-20.367,-19.797,-1.345,0.57,0.2506
22,197,Groundnut,42.87,39.9,0.136,0.2252,ok,-19.936,-17.607,-20.103,-20.728,-2.496,-0.626,0.1736
22,198,Groundnut,55.86,35.34,0.564,0.1275,ok,-19.366,-17.38,-20.362,-19.902,-2.982,0.46,0.2163
22,199,Cotton,75.2,82.97,0.126,2.2065,ok,-19.756,-17.817,-18.902,-17.876,-1.085,1.026,0.2567
22,200,Cotton,78.92,73.55,0.245,0.9396,ok,-16.453,-15.316,-15.443,-15.347,-0.127,0.096,0.4637
22,201,Cotton,28.91,30.49,0.179,1.0045,ok,-19.797,-16.672,-19.569,-18.995,-2.897,0.574,0.2606
22,202,Cotton,12.14,13.29,0.004,0.7478,ok,-18.973,-15.708,-19.497,-19.331,-3.789,0.166,0.21
22,203,Groundnut,35.75,9.25,0.378,0.6296,ok,-19.71,-16.173,-20.881,-19.81,-4.708,1.071,0.1792
22,204,Rice,34.89,49.61,0.145,1.0112,ok,-19.98,-18.324,-20.778,-19.202,-2.454,1.576,0.2668
22,205,Cotton,81.14,81.03,0.141,0.635,ok,-15.525,-15.126,-15.269,-15.435,-0.143,-0.166,0.4632
22,206,Rice,64.94,64.82,0.038,0.7843,ok,-19.621,-17.442,-18.493,-18.272,-1.051,0.22,0.4022
22,207,Cotton,44.11,29.27,0.355,0.6967,ok,-17.176,-15.951,-19.408,-18.137,-3.457,1.271,0.3518
22,208,Cotton,26.61,28.75,0.307,0.4266,ok,-19.854,-16.725,-20.105,-19.166,-3.38,0.939,0.2854
22,209,Rice,76.55,87.58,0.08,0.1583,ok,-18.906,-18.194,-18.393,-18.854,-0.199,-0.461,0.3398
22,210,Cotton,55.36,53.85,0.46,0.313,ok,-17.857,-17.273,-19.275,-18.252,-2.002,1.023,0.3319
22,211,Maize,49.72,70.53,0.239,0.1802,ok,-18.771,-18.401,-18.699,-19.598,-0.299,-0.899,0.325
22,212,Cotton,24.78,16.91,0.03,0.4319,ok,-19.789,-15.51,-19.199,-18.762,-3.689,0.437,0.2528
22,213,Cotton,73.03,62.91,0.193,0.3846,ok,-16.017,-15.586,-15.386,-15.868,0.201,-0.482,0.4274
22,214,Cotton,38.0,44.12,0.095,0.5767,ok,-19.96,-17.374,-20.334,-18.967,-2.959,1.367,0.3233
22,215,Groundnut,57.08,27.79,0.499,0.3684,ok,-20.059,-17.135,-20.511,-19.647,-3.376,0.864,0.2877
22,216,Cotton,71.01,63.15,0.023,2.2579,ok,-16.089,-14.723,-14.82,-15.862,-0.097,-1.042,0.4123
22,217,Groundnut,62.77,54.42,0.114,1.6185,ok,-20.445,-18.406,-19.96,-20.031,-1.555,-0.071,0.3855
22,218,Maize,82.05,70.05,0.25,0.521,ok,-16.721,-16.021,-15.493,-17.284,0.528,-1.791,0.3665
22,219,Cotton,70.18,61.43,0.063,0.481,ok,-16.295,-14.792,-15.06,-16.218,-0.268,-1.158,0.3837
22,220,Groundnut,29.3,9.0,0.038,0.6792,ok,-20.215,-16.655,-20.352,-20.341,-3.698,0.012,0.2213
22,221,Cotton,21.0,26.0,0.161,0.4398,ok,-20.149,-17.069,-21.127,-19.408,-4.059,1.719,0.2854
22,222,Groundnut,46.3,18.37,0.403,0.312,ok,-19.984,-16.79,-21.012,-19.66,-4.222,1.352,0.2732
22,223,Groundnut,36.39,18.89,0.499,0.7449,ok,-20.193,-16.784,-20.922,-20.214,-4.138,0.708,0.2314
22,224,Groundnut,29.22,16.78,0.436,0.4594,ok,-19.663,-16.41,-20.392,-20.421,-3.982,-0.029,0.2096
22,225,Groundnut,24.32,15.2,0.219,0.4348,ok,-20.074,-16.658,-20.54,-20.482,-3.882,0.059,0.1848
22,226,Groundnut,20.21,7.4,0.396,0.9808,ok,-20.18,-15.723,-20.936,-20.548,-5.212,0.388,0.1674
22,227,Cotton,28.37,8.99,0.051,1.6989,ok,-18.96,-14.926,-20.295,-18.787,-5.368,1.508,0.2493
22,228,Bajra,42.2,9.56,0.344,0.4755,ok,-19.305,-15.512,-19.164,-20.546,-3.652,-1.382,0.2
22,229,Cotton,43.57,53.4,0.073,0.7805,ok,-18.737,-17.802,-20.367,-18.945,-2.565,1.422,0.4328
22,230,Cotton,65.98,52.77,0.056,1.6167,ok,-16.309,-14.652,-14.722,-16.121,-0.07,-1.4,0.3885
22,231,Groundnut,59.12,35.52,0.504,0.9412,ok,-18.693,-17.096,-19.714,-19.848,-2.618,-0.135,0.2646
22,232,Groundnut,77.32,55.08,0.369,0.2672,ok,-19.593,-17.926,-19.813,-19.481,-1.887,0.332,0.4416
22,233,Groundnut,32.78,5.03,0.363,1.4463,ok,-19.017,-15.017,-20.212,-19.985,-5.195,0.227,0.264
22,234,Cotton,22.6,29.41,0.005,0.7494,ok,-18.21,-17.292,-20.098,-19.342,-2.806,0.756,0.2986
22,235,Bajra,63.8,17.52,0.097,0.9883,ok,-15.393,-14.365,-14.767,-19.922,-0.402,-5.155,0.1722
22,236,Cotton,53.18,45.89,0.198,0.9385,ok,-19.374,-17.02,-20.244,-17.883,-3.225,2.361,0.3165
22,237,Groundnut,56.98,12.22,0.253,0.5468,ok,-19.124,-15.73,-19.463,-19.265,-3.733,0.198,0.2878
22,238,Cotton,64.98,62.03,0.471,0.2242,ok,-18.885,-17.109,-19.079,-17.875,-1.97,1.204,0.3725
22,239,Cotton,46.07,43.35,0.621,0.623,ok,-19.875,-17.555,-20.104,-18.369,-2.55,1.735,0.3159
22,240,Groundnut,87.83,58.46,0.021,0.6477,ok,-19.996,-17.51,-18.912,-18.861,-1.402,0.051,0.3113
22,241,Groundnut,59.63,29.12,0.458,1.2201,ok,-20.185,-17.189,-20.549,-19.517,-3.36,1.032,0.2598
22,242,Groundnut,56.19,31.65,0.29,0.2829,ok,-18.587,-17.818,-20.415,-19.737,-2.597,0.678,0.2621
22,243,Groundnut,33.98,27.27,0.288,0.3109,ok,-19.823,-17.272,-20.047,-20.57,-2.775,-0.523,0.2057
22,244,Cotton,53.01,68.01,0.036,0.8507,ok,-19.756,-18.259,-20.097,-18.794,-1.838,1.303,0.405
22,245,Groundnut,24.12,12.68,0.437,0.3606,ok,-20.448,-16.315,-20.921,-20.553,-4.605,0.368,0.2303
22,246,Cotton,83.89,59.11,0.251,1.329,ok,-16.038,-15.308,-15.151,-14.383,0.157,0.768,0.4969
22,247,Cotton,37.35,33.35,0.179,0.3614,ok,-19.291,-16.546,-19.572,-18.587,-3.026,0.985,0.2965
22,248,Cotton,71.23,63.3,0.026,0.5568,ok,-16.241,-16.026,-15.328,-16.35,0.698,-1.022,0.3843
22,249,Cotton,19.67,28.07,0.131,0.3293,ok,-19.954,-17.102,-20.4,-19.347,-3.298,1.053,0.2409
22,250,Cotton,64.96,60.42,0.178,0.5115,ok,-19.963,-17.15,-19.462,-17.933,-2.312,1.529,0.2959
22,251,Cotton,32.36,44.33,0.029,0.5215,ok,-19.488,-17.833,-20.915,-19.184,-3.083,1.731,0.3092
22,252,Cotton,29.64,37.3,0.089,1.0573,ok,-19.544,-17.643,-21.158,-19.218,-3.515,1.939,0.2831
22,253,Cotton,94.34,93.16,0.126,0.7286,ok,-16.436,-15.509,-14.599,-14.03,0.909,0.569,0.5706
22,254,Cotton,33.13,26.82,0.33,2.1852,ok,-20.41,-17.16,-21.317,-18.542,-4.158,2.776,0.3875
22,255,Cotton,15.48,28.07,0.092,0.3891,ok,-20.395,-17.83,-20.331,-20.128,-2.501,0.203,0.1872
22,256,Cotton,33.47,25.53,0.25,0.3327,ok,-17.472,-16.431,-19.287,-18.664,-2.856,0.623,0.2403
22,257,Cotton,39.2,48.21,0.206,0.2646,ok,-19.551,-17.414,-19.591,-19.014,-2.177,0.576,0.3933
22,258,Cotton,23.4,36.0,0.096,0.6946,ok,-18.7,-17.943,-20.44,-19.461,-2.496,0.978,0.1898
22,259,Groundnut,41.56,17.19,0.481,0.7848,ok,-19.935,-16.547,-20.748,-19.842,-4.201,0.906,0.2343
22,260,Cotton,32.8,46.3,0.011,1.8688,ok,-20.112,-18.008,-21.062,-19.186,-3.054,1.876,0.2889
22,261,Rice,71.23,83.11,0.241,0.8134,ok,-20.883,-19.307,-19.937,-18.527,-0.63,1.41,0.2541
22,262,Groundnut,66.15,41.56,0.387,1.2894,ok,-20.65,-17.83,-20.505,-19.508,-2.675,0.997,0.185
22,263,Bajra,50.19,59.78,0.284,0.8283,ok,-20.343,-18.593,-18.69,-21.019,-0.097,-2.329,0.1665
22,264,Cotton,46.8,58.09,0.275,0.6158,ok,-19.388,-18.177,-20.543,-18.757,-2.366,1.786,0.4363
22,265,Cotton,45.85,51.28,0.161,0.2162,ok,-18.444,-17.502,-20.029,-18.693,-2.527,1.337,0.3206
22,266,Groundnut,51.77,35.58,0.36,0.6077,ok,-20.467,-17.788,-20.453,-19.969,-2.665,0.485,0.2342
22,267,Cotton,78.7,78.34,0.223,2.1552,ok,-19.663,-17.192,-17.839,-14.352,-0.647,3.486,0.5365
22,268,Rice,77.43,55.35,0.228,0.6036,ok,-16.795,-15.755,-15.057,-16.84,0.698,-1.783,0.3539
22,269,Groundnut,72.62,35.98,0.181,0.6948,ok,-19.87,-17.448,-19.595,-19.23,-2.146,0.365,0.3536
22,270,Groundnut,46.38,27.55,0.238,1.4712,ok,-20.143,-17.422,-19.845,-20.255,-2.423,-0.41,0.2186
22,271,Cotton,63.78,80.29,0.123,0.509,ok,-20.842,-18.568,-19.904,-18.474,-1.336,1.431,0.3143
22,272,Groundnut,52.3,28.77,0.531,0.9327,ok,-19.118,-17.219,-20.498,-19.835,-3.279,0.663,0.1921
22,273,Groundnut,41.26,16.01,0.603,1.1231,ok,-19.429,-15.865,-19.981,-20.078,-4.116,-0.097,0.2114
22,274,Bajra,52.68,34.72,0.399,1.1264,ok,-19.932,-16.342,-18.277,-20.648,-1.935,-2.371,0.1508
22,275,Maize,56.51,78.22,0.239,0.3528,ok,-19.577,-18.882,-19.341,-19.302,-0.46,0.04,0.4098
22,276,Groundnut,34.63,29.24,0.296,1.6402,ok,-19.895,-17.726,-20.753,-20.394,-3.027,0.359,0.2118
22,277,Cotton,37.85,52.43,0.253,0.4988,ok,-19.303,-17.872,-20.084,-19.205,-2.212,0.878,0.3214
22,278,Cotton,46.8,61.81,0.153,0.4857,ok,-19.506,-18.04,-20.011,-18.979,-1.971,1.033,0.3564
22,279,Groundnut,35.23,21.34,0.368,1.4053,ok,-20.25,-17.186,-20.797,-20.244,-3.611,0.553,0.2113
22,280,Cotton,15.73,24.75,0.077,1.4555,ok,-19.722,-17.189,-20.194,-19.597,-3.005,0.597,0.2235
22,281,Cotton,25.5,19.83,0.229,0.6997,ok,-18.926,-16.644,-21.241,-19.315,-4.597,1.925,0.5533
22,282,Cotton,40.94,30.35,0.195,0.5657,ok,-18.5,-17.154,-21.166,-18.271,-4.013,2.895,0.5347
22,283,Cotton,30.53,44.2,0.237,0.3011,ok,-19.25,-17.626,-19.977,-19.337,-2.351,0.64,0.2982
22,284,Groundnut,49.84,21.72,0.448,0.435,ok,-19.724,-16.818,-20.537,-19.658,-3.719,0.878,0.29
22,285,Cotton,33.02,42.26,0.089,0.8586,ok,-19.579,-17.571,-20.253,-19.17,-2.682,1.084,0.227
22,286,Cotton,40.79,61.71,0.208,1.6266,ok,-20.041,-18.436,-20.235,-19.326,-1.799,0.909,0.3788
22,287,Maize,67.15,54.52,0.063,1.5955,ok,-15.594,-14.835,-15.199,-18.243,-0.364,-3.044,0.1816
22,288,Maize,35.15,64.27,0.087,0.4018,ok,-18.41,-18.251,-19.196,-19.771,-0.944,-0.575,0.2264
22,289,Cotton,67.43,66.12,0.247,0.444,ok,-17.821,-17.662,-18.016,-17.805,-0.353,0.211,0.3235
22,290,Cotton,82.16,78.05,0.188,1.306,ok,-15.881,-15.321,-15.11,-15.193,0.211,-0.083,0.4047
22,291,Maize,52.85,81.68,0.188,1.1546,ok,-19.556,-19.08,-19.549,-19.477,-0.469,0.072,0.4373
22,292,Cotton,94.21,93.29,0.144,1.2306,ok,-16.782,-15.472,-14.763,-14.05,0.709,0.713,0.526
22,293,Groundnut,65.12,31.68,0.734,0.5258,ok,-18.701,-16.497,-19.452,-19.65,-2.955,-0.198,0.1943
22,294,Cotton,81.44,74.62,0.151,0.6741,ok,-17.151,-14.586,-14.239,-14.653,0.347,-0.414,0.4673
22,295,Cotton,34.11,36.66,0.281,1.5282,ok,-18.627,-16.878,-19.977,-18.978,-3.099,0.999,0.3726
22,296,Cotton,50.68,48.32,0.058,0.8112,ok,-17.826,-16.833,-19.16,-18.435,-2.327,0.725,0.345
22,297,Groundnut,48.8,25.47,0.544,0.9764,ok,-19.283,-16.894,-20.262,-19.937,-3.369,0.326,0.2494
22,298,Groundnut,41.77,20.04,0.485,0.4933,ok,-18.864,-16.76,-20.701,-19.921,-3.941,0.78,0.2627
22,299,Groundnut,45.01,15.67,0.044,0.8369,ok,-19.639,-16.891,-19.882,-20.001,-2.99,-0.119,0.2246
22,300,Cotton,26.73,17.02,0.033,0.8368,ok,-18.154,-15.646,-18.073,-18.781,-2.427,-0.708,0.1698
22,301,Groundnut,21.92,15.23,0.243,0.5822,ok,-19.902,-16.979,-20.394,-20.79,-3.415,-0.397,0.1913
22,302,Bajra,56.09,36.78,0.36,0.5616,ok,-19.587,-17.593,-19.97,-20.505,-2.377,-0.535,0.1825
22,303,Groundnut,89.03,59.19,0.281,0.1822,ok,-19.028,-17.078,-18.733,-19.238,-1.655,-0.504,0.3747
22,304,Cotton,47.07,44.55,0.364,0.891,ok,-19.411,-17.067,-19.719,-18.463,-2.652,1.256,0.2915
22,305,Groundnut,46.23,19.65,0.259,0.5634,ok,-19.667,-17.232,-20.362,-19.912,-3.131,0.451,0.251
22,306,Maize,60.52,90.41,0.295,0.4512,ok,-19.611,-19.844,-19.486,-19.789,0.357,-0.302,0.2673
22,307,Groundnut,57.36,32.89,0.369,0.4511,ok,-19.165,-17.396,-20.024,-19.8,-2.628,0.224,0.2659
22,308,Rice,37.57,64.48,0.152,0.5173,ok,-19.981,-18.858,-20.73,-19.399,-1.872,1.331,0.3773
22,309,Cotton,35.03,33.61,0.32,0.6355,ok,-19.462,-17.009,-20.431,-18.66,-3.422,1.771,0.1982
22,310,Groundnut,46.43,16.49,0.424,0.6493,ok,-19.531,-16.467,-20.438,-19.662,-3.971,0.776,0.2513
22,311,Maize,30.83,45.03,0.109,0.3711,ok,-19.218,-17.219,-18.416,-19.572,-1.197,-1.155,0.2854
22,312,Bajra,48.76,56.54,0.283,0.8207,ok,-20.18,-18.855,-20.451,-20.931,-1.596,-0.481,0.1656
22,313,Groundnut,52.16,19.13,0.05,0.6891,ok,-19.217,-16.915,-19.78,-19.825,-2.866,-0.045,0.2261
22,314,Cotton,23.36,24.13,0.032,1.4149,ok,-18.466,-16.416,-17.675,-19.28,-1.259,-1.605,0.1906
22,315,Cotton,36.37,35.11,0.287,0.8643,ok,-19.524,-17.063,-20.487,-18.655,-3.424,1.832,0.2799
22,316,Groundnut,88.17,60.64,0.049,0.3335,ok,-19.307,-17.234,-18.643,-19.112,-1.409,-0.469,0.3348
22,317,Groundnut,48.11,27.58,0.483,0.5914,ok,-20.04,-17.302,-20.861,-19.947,-3.559,0.914,0.1883
22,318,Bajra,71.4,63.28,0.324,0.8235,ok,-20.001,-17.754,-18.363,-20.594,-0.609,-2.231,0.1886
22,319,Maize,40.92,65.88,0.0,0.6059,ok,-20.466,-18.335,-19.495,-19.395,-1.161,0.1,0.3005
22,320,Cotton,80.26,76.12,0.174,0.9906,ok,-16.201,-15.059,-14.974,-15.215,0.084,-0.241,0.426
22,321,Rice,69.64,69.69,0.241,0.3565,ok,-19.967,-18.428,-18.804,-18.703,-0.377,0.101,0.3468
22,322,Groundnut,75.49,46.23,0.378,0.3237,ok,-19.432,-17.538,-20.016,-19.182,-2.478,0.834,0.3009
22,323,Bajra,26.2,24.6,0.311,1.5116,ok,-20.276,-17.516,-20.543,-20.985,-3.028,-0.442,0.1441
22,324,Bajra,62.94,40.39,0.103,1.7103,ok,-20.291,-18.242,-17.734,-20.604,0.509,-2.87,0.1639
22,325,Cotton,58.84,58.3,0.275,0.8448,ok,-21.102,-17.204,-19.32,-15.197,-2.116,4.123,0.4277
22,326,Bajra,33.24,67.91,0.157,0.8776,ok,-20.839,-20.315,-18.709,-21.899,1.606,-3.19,0.1823
22,327,Cotton,19.89,36.26,0.15,1.2682,ok,-21.16,-18.175,-21.707,-19.734,-3.531,1.973,0.2518
22,328,Groundnut,38.42,15.39,0.439,0.7613,ok,-19.899,-16.542,-21.073,-20.116,-4.531,0.957,0.2754
22,329,Groundnut,41.79,45.25,0.235,0.8388,ok,-20.227,-18.551,-20.874,-20.505,-2.323,0.369,0.1995
22,330,Rice,41.65,68.04,0.068,2.2142,ok,-20.177,-19.335,-20.885,-19.196,-1.55,1.689,0.2161
22,331,Rice,22.39,58.4,0.254,0.9906,ok,-20.407,-19.021,-20.916,-19.685,-1.895,1.231,0.2818
22,332,Bajra,46.49,32.11,0.355,0.6593,ok,-20.021,-17.943,-20.198,-20.693,-2.254,-0.495,0.1859
22,333,Groundnut,33.52,35.16,0.029,0.8405,ok,-20.235,-17.787,-20.474,-20.843,-2.687,-0.369,0.1657
22,334,Cotton,61.07,58.66,0.194,0.5231,ok,-20.248,-17.636,-20.281,-17.174,-2.646,3.107,0.4111
22,335,Bajra,13.43,7.97,0.199,0.8936,ok,-16.915,-16.007,-20.776,-21.608,-4.77,-0.832,0.1732
22,336,Cotton,16.37,30.7,0.108,0.5468,ok,-20.465,-18.208,-20.25,-20.399,-2.042,-0.149,0.2077
22,337,Cotton,59.06,69.2,0.248,0.4081,ok,-21.067,-18.83,-20.879,-18.039,-2.049,2.839,0.4083
22,338,Cotton,25.33,41.06,0.094,0.8287,ok,-20.669,-17.866,-20.923,-19.383,-3.057,1.54,0.2598
22,339,Cotton,36.26,53.19,0.211,1.596,ok,-19.117,-18.563,-21.255,-19.103,-2.691,2.151,0.3058
22,340,Groundnut,49.13,8.95,0.392,0.8538,ok,-20.016,-15.354,-20.376,-19.296,-5.022,1.081,0.323
22,341,Cotton,15.6,25.58,0.012,1.4042,ok,-19.584,-17.117,-19.861,-19.646,-2.744,0.215,0.2411
22,342,Groundnut,72.58,30.01,0.239,0.3523,ok,-19.489,-16.672,-19.247,-18.997,-2.575,0.25,0.2404
22,343,Cotton,30.1,39.48,0.347,0.452,ok,-19.813,-17.227,-20.017,-19.232,-2.79,0.785,0.2557
22,344,Cotton,87.85,86.06,0.216,0.7659,ok,-17.3,-15.932,-15.528,-14.938,0.403,0.59,0.4631
22,345,Bajra,10.24,14.05,0.317,1.0682,ok,-19.641,-17.321,-20.997,-21.884,-3.677,-0.886,0.2053
22,346,Bajra,18.42,29.3,0.386,0.9825,ok,-19.919,-18.015,-20.53,-21.895,-2.515,-1.365,0.1816
22,347,Groundnut,39.71,38.11,0.224,1.2278,ok,-20.283,-18.663,-21.14,-20.378,-2.477,0.762,0.2929
22,348,Bajra,16.49,19.76,0.305,0.5345,ok,-20.188,-17.995,-20.706,-21.307,-2.711,-0.601,0.187
22,349,Groundnut,49.8,15.8,0.342,1.1667,ok,-20.084,-16.361,-20.619,-19.396,-4.257,1.223,0.2337
22,350,Rice,41.99,59.97,0.032,0.4777,ok,-20.678,-19.127,-20.098,-19.477,-0.971,0.621,0.2961
22,351,Cotton,39.9,49.69,0.258,1.3908,ok,-20.052,-17.91,-20.38,-18.916,-2.471,1.464,0.331
22,352,Cotton,44.26,45.4,0.16,0.3684,ok,-19.365,-17.822,-21.084,-18.3,-3.262,2.785,0.2759
22,353,Cotton,36.89,48.91,0.311,0.7154,ok,-19.277,-18.176,-20.893,-18.949,-2.717,1.944,0.3092
22,354,Cotton,26.78,49.63,0.122,0.1943,ok,-19.134,-18.886,-20.812,-19.98,-1.926,0.832,0.3325
22,355,Cotton,40.74,25.17,0.392,0.6406,ok,-20.513,-16.763,-20.995,-17.47,-4.232,3.525,0.4522
22,356,Cotton,36.82,44.24,0.116,3.487,ok,-20.001,-19.192,-20.411,-19.378,-1.219,1.032,0.3692
22,357,Groundnut,63.27,67.21,0.105,1.774,ok,-20.396,-19.538,-20.654,-20.163,-1.116,0.492,0.3711
22,358,Rice,28.96,49.83,0.016,1.0031,ok,-19.911,-19.328,-20.447,-19.712,-1.119,0.735,0.4036
22,359,Cotton,45.91,42.99,0.204,1.1243,ok,-20.228,-17.859,-21.089,-16.76,-3.23,4.329,0.5353
22,360,Groundnut,36.41,34.57,0.039,0.3578,ok,-19.894,-17.954,-20.503,-20.627,-2.548,-0.125,0.2791
22,361,Groundnut,51.99,45.35,0.338,1.0701,ok,-20.658,-18.668,-21.297,-20.063,-2.629,1.233,0.2295
22,362,Cotton,27.76,54.39,0.068,0.8972,ok,-20.333,-19.648,-21.48,-20.147,-1.832,1.333,0.2433
22,363,Maize,43.19,75.54,0.175,0.5149,ok,-19.724,-19.862,-19.805,-19.977,0.057,-0.172,0.2854
22,364,Groundnut,68.76,54.41,0.097,0.3986,ok,-19.79,-18.791,-20.206,-19.749,-1.415,0.457,0.4159
22,365,Bajra,24.3,29.36,0.304,0.4625,ok,-19.616,-18.27,-20.758,-21.12,-2.488,-0.363,0.2583
22,366,Groundnut,58.34,36.02,0.374,0.6306,ok,-20.457,-17.811,-20.693,-19.634,-2.882,1.059,0.3273
22,367,Bajra,43.5,63.64,0.29,0.2021,ok,-20.722,-18.891,-20.144,-21.293,-1.253,-1.149,0.2244
22,368,Cotton,27.87,42.86,0.093,0.9684,ok,-20.128,-17.866,-20.568,-19.358,-2.703,1.211,0.3785
22,369,Cotton,32.05,41.47,0.017,0.2507,ok,-19.257,-18.07,-19.359,-19.355,-1.289,0.004,0.2182
22,370,Groundnut,72.73,35.19,0.094,0.2356,ok,-18.907,-17.373,-19.34,-19.442,-1.968,-0.101,0.4499
22,371,Cotton,47.19,68.18,0.104,0.7369,ok,-19.322,-18.625,-19.553,-19.08,-0.928,0.473,0.3868
22,372,Cotton,50.45,66.32,0.067,0.4214,ok,-19.654,-18.309,-19.934,-18.884,-1.625,1.05,0.4198
22,373,Cotton,22.13,44.72,0.176,1.7138,ok,-20.589,-18.837,-21.209,-20.157,-2.372,1.053,0.2312
22,374,Cotton,28.52,39.11,0.2,2.8199,ok,-20.388,-17.506,-20.559,-19.289,-3.053,1.271,0.24
22,375,Groundnut,25.32,7.92,0.119,0.7497,ok,-19.633,-16.474,-20.639,-20.336,-4.165,0.303,0.2414
22,376,Rice,43.29,55.68,0.181,0.4037,ok,-19.979,-18.147,-19.728,-19.069,-1.581,0.659,0.2824
22,377,Groundnut,45.56,18.67,0.424,0.567,ok,-19.505,-16.768,-20.695,-19.699,-3.927,0.996,0.3059
22,378,Cotton,74.52,72.65,0.18,0.9979,ok,-19.598,-17.985,-18.949,-14.819,-0.964,4.129,0.4308
22,379,Rice,41.28,74.29,0.233,0.1725,ok,-19.215,-18.973,-20.279,-19.555,-1.307,0.725,0.407
22,380,Maize,62.22,70.29,0.267,0.2385,ok,-18.004,-16.988,-17.835,-18.729,-0.846,-0.894,0.326
22,381,Cotton,34.23,52.29,0.285,0.4308,ok,-19.747,-18.745,-21.352,-19.137,-2.607,2.215,0.319
22,382,Cotton,53.48,63.63,0.199,0.1987,ok,-20.065,-18.624,-20.975,-18.398,-2.351,2.577,0.3644
22,383,Cotton,51.19,48.35,0.0,0.1023,no_valid_sar,,,,,,,0.225
22,384,Cotton,51.19,48.35,0.0,0.1396,no_valid_sar,,,,,,,0.2958
22,385,Cotton,51.19,48.35,0.0,0.0678,no_valid_sar,,,,,,,0.2661
22,386,Groundnut,22.82,0.0,0.031,0.2192,partial_coverage,-20.404,7.895,-18.905,-20.218,-26.8,-1.314,0.2282
22,387,Cotton,51.19,48.35,0.0,0.2021,no_valid_sar,,,,,,,0.3835
22,388,Cotton,51.19,48.35,0.0,0.091,no_valid_sar,,,,,,,0.3663
22,389,Cotton,51.19,48.35,0.0,0.1741,no_valid_sar,,,,,,,0.3829
22,390,Cotton,51.19,48.35,0.0,0.2232,no_valid_sar,,,,,,,0.3143
22,391,Cotton,51.19,48.35,0.0,0.2027,no_valid_sar,,,,,,,0.2372
22,392,Cotton,51.19,48.35,0.0,0.1358,no_valid_sar,,,,,,,0.4102
22,393,Cotton,51.19,48.35,0.0,0.127,no_valid_sar,,,,,,,0.4732
22,394,Cotton,51.19,48.35,0.0,0.0579,no_valid_sar,,,,,,,0.4061
22,395,Cotton,51.19,48.35,0.0,0.0748,no_valid_sar,,,,,,,0.4131
22,396,Cotton,51.19,48.35,0.0,0.1352,no_valid_sar,,,,,,,0.3926
22,397,Cotton,51.19,48.35,0.0,0.1875,no_valid_sar,,,,,,,0.2617
22,398,Cotton,51.19,48.35,0.0,0.0895,no_valid_sar,,,,,,,0.337
22,399,Cotton,51.19,48.35,0.0,0.0663,no_valid_sar,,,,,,,0.3511
22,400,Cotton,51.19,48.35,0.0,0.0666,no_valid_sar,,,,,,,0.2576
22,401,Cotton,51.19,48.35,0.0,0.0755,no_valid_sar,,,,,,,0.2727
22,402,Cotton,51.19,48.35,0.0,0.1147,no_valid_sar,,,,,,,0.2588
22,403,Cotton,51.19,48.35,0.0,0.1138,no_valid_sar,,,,,,,0.399
22,404,Cotton,51.19,48.35,0.0,0.1393,no_valid_sar,,,,,,,0.4544
22,405,Cotton,51.19,48.35,0.0,0.0495,no_valid_sar,,,,,,,0.4788
22,406,Cotton,51.19,48.35,0.0,0.1229,no_valid_sar,,,,,,,0.2763
22,407,Cotton,51.19,48.35,0.0,0.1773,no_valid_sar,,,,,,,0.4644
22,408,Cotton,51.19,48.35,0.0,0.1759,no_valid_sar,,,,,,,0.5223
22,409,Cotton,51.19,48.35,0.0,0.0896,no_valid_sar,,,,,,,0.3569
22,410,Cotton,51.19,48.35,0.0,0.1209,no_valid_sar,,,,,,,0.4172
22,411,Cotton,51.19,48.35,0.0,0.0999,no_valid_sar,,,,,,,0.4692
22,412,Cotton,51.19,48.35,0.0,0.1512,no_valid_sar,,,,,,,0.1859
22,413,Cotton,51.19,48.35,0.0,0.1147,no_valid_sar,,,,,,,0.2944
22,414,Cotton,51.19,48.35,0.0,0.084,no_valid_sar,,,,,,,0.3294
22,415,Cotton,51.19,48.35,0.0,0.0901,no_valid_sar,,,,,,,0.3499
22,416,Cotton,51.19,48.35,0.0,0.1069,no_valid_sar,,,,,,,0.2903
22,417,Cotton,51.19,48.35,0.0,0.0933,no_valid_sar,,,,,,,0.325
22,418,Cotton,36.21,2.45,0.057,0.078,ok,-19.331,5.317,-19.389,-18.23,-24.706,1.159,0.3041
22,419,Cotton,54.95,6.52,0.087,0.188,ok,-19.332,-7.636,-18.435,-17.218,-10.799,1.217,0.3615
22,420,Rice,46.11,93.41,0.035,0.119,ok,-22.117,-21.218,-21.0,-21.246,0.218,-0.246,0.2217
22,421,Cotton,38.82,37.32,0.286,0.1308,ok,-21.571,-17.482,-21.07,-18.492,-3.589,2.578,0.382
22,422,Groundnut,65.16,72.28,0.239,0.2618,ok,-21.324,-19.142,-20.412,-20.274,-1.27,0.138,0.2352
22,423,Bajra,65.38,67.24,0.286,0.1273,ok,-20.485,-19.276,-19.932,-20.705,-0.656,-0.774,0.3041
22,424,Rice,27.69,59.96,0.22,0.1232,ok,-20.271,-19.055,-20.701,-19.58,-1.646,1.121,0.3424
22,425,Cotton,83.49,93.0,0.245,0.1832,ok,-18.783,-19.032,-18.811,-17.382,0.221,1.429,0.4578
22,426,Cotton,59.85,78.65,0.329,0.0973,ok,-19.628,-19.017,-20.282,-18.518,-1.265,1.764,0.4035
22,427,Groundnut,51.31,39.37,0.394,0.1821,ok,-20.605,-18.157,-21.056,-19.941,-2.9,1.115,0.3223
22,428,Groundnut,35.18,34.08,0.346,0.1725,ok,-20.333,-18.253,-21.479,-20.495,-3.225,0.983,0.2263
22,429,Cotton,79.87,78.58,0.437,0.1066,ok,-20.248,-18.487,-18.051,-17.192,0.436,0.859,0.3043
22,430,Cotton,79.07,91.14,0.324,0.0989,ok,-20.833,-18.735,-18.97,-17.573,-0.236,1.397,0.278
22,431,Rice,49.81,56.01,0.17,0.1411,ok,-20.722,-19.666,-19.995,-19.549,-0.329,0.447,0.2728
22,432,Rice,43.62,70.0,0.113,0.1132,ok,-19.188,-19.166,-20.439,-19.345,-1.273,1.094,0.3899
22,433,Rice,32.23,56.2,0.208,0.1353,ok,-20.394,-18.629,-20.909,-19.469,-2.28,1.44,0.3926
22,434,Cotton,68.62,68.59,0.628,0.1227,ok,-18.915,-18.476,-19.113,-17.951,-0.637,1.162,0.4113
22,435,Rice,56.46,89.1,0.015,0.0742,ok,-19.679,-19.797,-20.404,-19.514,-0.607,0.89,0.4168
22,436,Rice,59.23,71.66,0.055,0.1186,ok,-19.513,-19.624,-20.349,-18.902,-0.725,1.447,0.4334
22,437,Rice,55.19,95.13,0.022,0.1307,ok,-19.626,-20.299,-20.295,-19.753,0.004,0.541,0.4015
22,438,Rice,50.08,93.33,0.037,0.1448,ok,-19.576,-20.331,-20.528,-19.908,-0.197,0.62,0.4238
22,439,Maize,47.18,93.71,0.003,0.101,ok,-20.623,-19.461,-19.237,-20.37,0.224,-1.134,0.2511
22,440,Rice,41.57,77.68,0.039,0.1514,ok,-19.721,-19.756,-20.329,-19.828,-0.572,0.5,0.3152
22,441,Rice,80.38,86.12,0.314,0.0752,ok,-19.672,-20.447,-20.368,-18.239,0.079,2.128,0.3094
22,442,Rice,15.53,54.31,0.187,0.1453,ok,-20.84,-19.293,-21.671,-19.972,-2.378,1.699,0.2037
22,443,Rice,9.67,44.92,0.213,0.2685,ok,-19.268,-19.301,-21.4,-20.046,-2.099,1.354,0.2823
22,444,Cotton,51.19,48.35,0.0,0.4905,no_valid_sar,,,,,,,0.4526
22,445,Groundnut,55.47,1.11,0.047,0.3252,partial_coverage,-19.958,8.247,-19.449,-18.916,-27.696,0.533,0.4407
22,446,Groundnut,57.45,0.91,0.044,0.3154,partial_coverage,-19.302,8.456,-18.349,-18.53,-26.805,-0.181,0.4773
22,447,Cotton,51.19,48.35,0.0,0.1707,no_valid_sar,,,,,,,0.5051
22,448,Cotton,51.19,48.35,0.0,0.122,no_valid_sar,,,,,,,0.4866
22,449,Cotton,51.19,48.35,0.0,0.0889,no_valid_sar,,,,,,,0.4895
22,450,Cotton,51.19,48.35,0.0,0.1031,no_valid_sar,,,,,,,0.5357
22,451,Cotton,51.19,48.35,0.0,0.1713,no_valid_sar,,,,,,,0.2115
22,452,Groundnut,54.16,2.0,0.043,0.1099,partial_coverage,-19.369,8.939,-19.16,-19.516,-28.099,-0.355,0.4509
22,453,Groundnut,17.52,1.45,0.033,0.1167,partial_coverage,-20.691,8.575,-19.013,-20.64,-27.588,-1.627,0.4483
22,454,Rice,20.05,56.79,0.117,0.3055,ok,-20.242,-19.736,-20.981,-20.082,-1.245,0.898,0.298
22,455,Rice,20.32,71.62,0.185,0.11,ok,-20.221,-20.428,-21.935,-20.653,-1.508,1.282,0.2753
22,456,Cotton,69.02,67.43,0.438,0.1227,ok,-19.982,-19.483,-19.361,-18.06,0.122,1.301,0.4973
22,457,Rice,69.41,89.9,0.194,0.1016,ok,-19.519,-19.533,-20.065,-19.024,-0.532,1.041,0.4786
22,458,Rice,48.13,66.49,0.061,0.1062,ok,-19.358,-19.088,-20.626,-18.623,-1.538,2.004,0.4735
22,459,Groundnut,51.34,3.79,0.088,0.1706,ok,-20.7,-0.364,-20.82,-19.259,-20.456,1.561,0.4042
22,460,Rice,40.38,73.09,0.187,0.0801,ok,-20.116,-19.092,-20.494,-19.529,-1.402,0.965,0.3644
22,461,Groundnut,9.8,1.33,0.05,0.1745,ok,-20.264,3.396,-21.594,-20.788,-24.991,0.806,0.2339
22,462,Cotton,51.19,48.35,0.0,0.177,no_valid_sar,,,,,,,0.3825
22,463,Cotton,51.19,48.35,0.0,0.0914,no_valid_sar,,,,,,,0.4247
22,464,Cotton,51.19,48.35,0.0,0.2567,no_valid_sar,,,,,,,0.2978
22,465,Cotton,51.19,48.35,0.0,0.2917,no_valid_sar,,,,,,,0.3977
22,466,Rice,53.54,82.22,0.045,0.2699,ok,-19.741,-19.422,-20.465,-19.27,-1.043,1.195,0.4183
22,467,Rice,11.97,53.41,0.079,0.2922,ok,-21.311,-19.731,-21.938,-19.886,-2.208,2.052,0.302
22,468,Groundnut,56.86,1.68,0.057,0.0911,ok,-18.513,6.447,-19.912,-18.776,-26.359,1.136,0.4403
22,469,Rice,74.19,71.54,0.014,0.2403,ok,-20.045,-19.053,-19.393,-18.367,-0.34,1.026,0.4867
22,470,Rice,43.26,79.57,0.117,0.1607,ok,-19.205,-19.407,-20.179,-19.706,-0.771,0.472,0.3486
22,471,Rice,74.41,73.5,0.063,0.1856,ok,-18.622,-18.279,-18.949,-18.114,-0.67,0.835,0.4793
22,472,Rice,30.68,43.92,0.083,0.1888,ok,-19.799,-19.899,-20.562,-20.108,-0.663,0.455,0.3719
22,473,Rice,41.51,85.47,0.064,0.143,ok,-19.727,-20.188,-20.604,-20.059,-0.416,0.545,0.4001
22,474,Cotton,62.6,69.87,0.502,0.0963,ok,-19.195,-18.5,-19.328,-18.296,-0.827,1.032,0.4938
22,475,Cotton,32.9,47.56,0.082,0.0917,ok,-20.38,-18.325,-21.411,-19.139,-3.086,2.272,0.3886
22,476,Rice,35.17,77.32,0.033,0.0868,ok,-20.062,-20.6,-21.042,-20.388,-0.443,0.655,0.4238
22,477,Cotton,18.72,40.91,0.052,0.0796,ok,-20.376,-19.195,-21.896,-20.074,-2.701,1.823,0.2706
22,478,Rice,30.46,74.0,0.06,0.084,ok,-20.571,-20.463,-21.207,-20.75,-0.744,0.457,0.3667
22,479,Cotton,34.17,63.66,0.073,0.138,ok,-20.429,-20.048,-21.23,-19.893,-1.183,1.337,0.4364
22,480,Rice,49.79,62.29,0.083,0.1001,ok,-20.113,-19.769,-20.21,-19.52,-0.441,0.69,0.3962
22,481,Groundnut,48.37,61.91,0.106,0.2403,ok,-19.91,-19.61,-20.689,-20.697,-1.08,-0.008,0.2264
22,482,Rice,89.62,91.42,0.147,0.0447,ok,-18.443,-18.554,-18.441,-16.842,0.112,1.6,0.4781
22,483,Rice,69.82,85.24,0.058,0.0432,ok,-20.237,-19.572,-19.441,-19.118,0.131,0.323,0.4085
22,484,Rice,47.0,52.91,0.157,0.193,ok,-20.046,-19.883,-20.142,-19.611,-0.26,0.531,0.4226
22,485,Rice,50.79,64.73,0.05,0.2791,ok,-19.729,-19.57,-20.13,-19.464,-0.56,0.666,0.4192
22,486,Groundnut,38.37,5.18,0.085,0.1677,ok,-20.507,-1.713,-20.716,-20.012,-19.003,0.705,0.2729
22,487,Rice,20.55,71.42,0.112,0.1413,ok,-20.535,-20.812,-22.253,-19.883,-1.441,2.369,0.383
22,488,Rice,32.44,84.08,0.025,0.0963,ok,-20.929,-20.623,-21.538,-20.05,-0.914,1.488,0.3625
22,489,Rice,24.98,70.98,0.211,0.0805,ok,-20.112,-19.637,-20.945,-20.066,-1.308,0.879,0.3112
22,490,Rice,44.84,65.31,0.054,0.0924,ok,-20.108,-19.293,-21.064,-18.715,-1.771,2.349,0.3235
22,491,Rice,26.16,64.22,0.156,0.1762,ok,-19.783,-19.186,-21.076,-19.655,-1.89,1.421,0.4058
22,492,Cotton,51.76,58.63,0.565,0.1182,ok,-19.899,-18.766,-20.338,-18.547,-1.573,1.792,0.4659
22,493,Rice,46.58,86.36,0.082,0.1161,ok,-18.443,-19.297,-19.766,-19.913,-0.469,-0.147,0.4277
22,494,Rice,69.33,77.56,0.199,0.1644,ok,-18.83,-19.615,-19.811,-18.943,-0.196,0.867,0.4076
22,495,Rice,40.79,62.25,0.081,0.1089,ok,-18.674,-19.359,-20.436,-19.442,-1.078,0.995,0.4541
22,496,Cotton,51.35,77.59,0.158,0.163,ok,-19.61,-19.532,-20.22,-19.048,-0.688,1.171,0.4427
22,497,Rice,56.81,79.22,0.187,0.1806,ok,-20.728,-18.578,-19.592,-19.265,-1.014,0.327,0.3288
22,498,Rice,37.26,72.63,0.158,0.1603,ok,-19.399,-19.315,-20.412,-19.624,-1.098,0.789,0.3246
22,499,Groundnut,11.73,11.76,0.063,0.1337,ok,-20.443,-18.31,-23.095,-22.292,-4.785,0.804,0.2324
22,500,Rice,79.7,93.12,0.176,0.1378,ok,-18.732,-19.082,-19.275,-18.76,-0.193,0.515,0.3873
22,501,Rice,70.27,79.08,0.034,0.1471,ok,-20.048,-18.837,-19.695,-18.03,-0.858,1.665,0.3973
22,502,Groundnut,75.36,55.9,0.35,0.1345,ok,-20.763,-18.207,-20.346,-19.567,-2.139,0.779,0.48
22,503,Bajra,49.8,60.18,0.421,0.2026,ok,-19.591,-18.895,-20.042,-20.964,-1.147,-0.921,0.2211
22,504,Cotton,37.17,51.06,0.145,0.1512,ok,-20.02,-17.909,-20.262,-19.186,-2.352,1.076,0.2654
22,505,Groundnut,40.39,49.58,0.24,0.1016,ok,-21.024,-18.967,-21.292,-20.702,-2.325,0.59,0.2279
22,506,Maize,21.3,70.57,0.18,0.1007,ok,-20.452,-19.5,-20.28,-20.635,-0.781,-0.355,0.2399
22,507,Groundnut,41.59,49.34,0.229,0.1492,ok,-19.628,-18.99,-21.137,-20.487,-2.147,0.65,0.2359
22,508,Groundnut,54.21,60.44,0.057,0.2176,ok,-20.047,-19.361,-20.589,-20.356,-1.229,0.233,0.2766
22,509,Groundnut,30.21,38.94,0.125,0.1658,ok,-20.376,-18.762,-21.443,-21.024,-2.681,0.419,0.2567
22,510,Rice,68.68,82.07,0.176,0.1224,ok,-19.162,-18.741,-19.76,-18.193,-1.018,1.566,0.5227
22,511,Bajra,80.36,66.09,0.34,0.3307,ok,-20.891,-17.785,-18.48,-20.26,-0.694,-1.781,0.4719
22,512,Rice,43.05,49.46,0.156,0.2587,ok,-20.333,-20.008,-20.253,-19.743,-0.245,0.51,0.4353
22,513,Cotton,12.54,29.19,0.101,0.1952,ok,-21.032,-18.545,-21.582,-20.481,-3.038,1.101,0.3427
22,514,Cotton,39.15,47.48,0.133,0.1849,ok,-18.599,-17.596,-20.448,-19.016,-2.852,1.432,0.4322
22,515,Rice,29.08,66.31,0.089,0.1124,ok,-19.656,-19.694,-20.668,-19.96,-0.974,0.708,0.4163
22,516,Groundnut,61.39,48.15,0.353,0.2841,ok,-19.962,-18.342,-20.59,-19.823,-2.248,0.767,0.2783
22,517,Rice,85.56,47.15,0.088,0.0792,ok,-18.903,-18.912,-17.144,-17.599,1.767,-0.455,0.3684
22,518,Bajra,39.97,49.17,0.201,0.0657,ok,-19.781,-17.878,-19.616,-21.267,-1.737,-1.651,0.2642
22,519,Rice,85.52,88.15,0.296,0.5447,ok,-19.412,-18.558,-18.863,-17.948,-0.305,0.915,0.184
22,520,Rice,63.12,74.94,0.134,0.8513,ok,-20.427,-18.198,-19.594,-18.307,-1.395,1.286,0.1573
22,521,Cotton,25.44,41.47,0.301,0.2473,ok,-20.366,-17.681,-20.46,-19.444,-2.779,1.016,0.3961
22,522,Groundnut,62.69,39.77,0.558,0.2516,ok,-20.261,-17.451,-20.229,-19.732,-2.778,0.497,0.4368
22,523,Cotton,63.81,66.5,0.296,0.1652,ok,-19.004,-18.279,-19.716,-15.789,-1.438,3.927,0.3373
22,524,Cotton,40.97,34.1,0.176,0.8613,ok,-20.702,-17.893,-21.529,-16.718,-3.636,4.811,0.2354
22,525,Groundnut,31.49,23.16,0.217,0.2599,ok,-20.459,-16.655,-20.219,-20.789,-3.564,-0.57,0.2088
22,526,Cotton,58.55,62.6,0.142,0.2431,ok,-20.653,-18.787,-21.085,-17.394,-2.298,3.691,0.3976
22,527,Cotton,45.17,49.29,0.322,2.5008,ok,-20.376,-18.183,-21.205,-18.105,-3.022,3.1,0.3343
22,528,Cotton,43.37,66.47,0.262,0.9825,ok,-20.051,-19.681,-21.667,-18.758,-1.986,2.909,0.3587
22,529,Cotton,64.88,66.22,0.08,0.4941,ok,-18.198,-17.743,-19.927,-18.018,-2.185,1.91,0.3731
22,530,Cotton,33.78,39.93,0.089,0.3696,ok,-19.692,-17.608,-20.936,-18.976,-3.329,1.96,0.3399
22,531,Rice,59.17,57.98,0.18,0.1038,ok,-19.86,-19.066,-19.562,-19.154,-0.496,0.409,0.3466
22,532,Groundnut,62.72,84.71,0.087,0.133,ok,-19.971,-19.494,-20.091,-20.451,-0.597,-0.36,0.2729
22,533,Rice,95.62,98.6,0.348,0.2415,ok,-19.224,-18.976,-18.148,-17.938,0.827,0.21,0.4325
22,534,Rice,11.49,52.52,0.198,0.1887,ok,-20.267,-19.518,-21.313,-20.069,-1.795,1.244,0.329
22,535,Cotton,70.31,81.71,0.5,0.1766,ok,-19.464,-19.383,-19.878,-18.019,-0.495,1.859,0.4743
22,536,Rice,49.45,78.72,0.009,0.0404,small_plot,-18.971,-19.336,-20.533,-19.327,-1.197,1.206,0.4531
22,537,Rice,54.79,91.31,0.091,0.044,ok,-19.868,-19.713,-20.1,-19.631,-0.387,0.469,0.4455
22,538,Rice,0.0,42.35,0.166,0.0413,ok,-20.348,-20.402,-22.901,-20.91,-2.499,1.99,0.4924
22,539,Rice,69.65,87.87,0.189,0.0564,ok,-19.861,-19.226,-19.929,-18.856,-0.702,1.073,0.4379
22,540,Maize,30.57,73.61,0.182,0.0842,ok,-19.082,-18.528,-19.31,-20.252,-0.782,-0.942,0.2745
22,541,Groundnut,63.12,49.87,0.345,0.0901,ok,-18.544,-18.443,-20.889,-19.83,-2.446,1.059,0.3362
22,542,Cotton,51.28,82.17,0.109,0.0976,ok,-20.541,-19.828,-21.023,-19.052,-1.195,1.971,0.4321
22,543,Rice,81.73,88.84,0.24,0.1044,ok,-19.52,-19.259,-19.018,-18.556,0.24,0.462,0.4077
22,544,Rice,32.91,69.11,0.207,1.0644,ok,-20.416,-19.004,-20.224,-19.731,-1.22,0.493,0.1956
22,545,Groundnut,46.45,58.71,0.243,1.238,ok,-20.348,-18.683,-20.139,-20.807,-1.456,-0.668,0.166
22,546,Rice,89.58,85.1,0.037,1.2141,ok,-19.608,-18.088,-16.36,-14.447,1.728,1.912,0.5884
22,547,Cotton,58.45,77.03,0.132,0.6823,ok,-20.676,-19.496,-21.219,-18.353,-1.723,2.866,0.2065
22,548,Rice,23.44,60.22,0.183,0.7533,ok,-20.786,-19.203,-21.032,-19.633,-1.829,1.4,0.1869
22,549,Rice,58.25,71.22,0.003,0.3137,ok,-19.053,-18.622,-19.783,-18.584,-1.161,1.198,0.4504
22,550,Cotton,20.47,12.42,0.196,0.4606,ok,-20.319,-15.937,-21.079,-19.348,-5.142,1.731,0.2266
22,551,Groundnut,29.51,15.81,0.391,0.1696,ok,-19.065,-16.945,-21.487,-20.336,-4.542,1.151,0.2254
22,552,Groundnut,32.46,40.9,0.284,0.2494,ok,-19.809,-18.973,-21.909,-20.676,-2.936,1.233,0.171
22,553,Bajra,28.81,30.2,0.341,0.1284,ok,-18.931,-17.686,-20.461,-20.998,-2.775,-0.537,0.1592
22,554,Groundnut,40.05,40.0,0.145,0.4613,ok,-19.721,-18.559,-20.521,-20.617,-1.962,-0.096,0.1709
22,555,Rice,7.51,42.78,0.254,1.1271,ok,-20.474,-19.11,-21.962,-20.162,-2.853,1.8,0.2185
22,556,Cotton,87.9,87.5,0.291,0.4233,ok,-18.798,-17.378,-16.787,-15.423,0.59,1.364,0.4044
22,557,Cotton,93.82,99.54,0.107,0.2987,ok,-18.891,-17.073,-16.49,-15.396,0.583,1.093,0.4189
22,558,Cotton,23.3,41.36,0.01,0.9442,ok,-18.742,-18.688,-20.64,-20.128,-1.952,0.512,0.2835
22,559,Bajra,42.99,32.47,0.21,0.4175,ok,-17.285,-16.108,-17.09,-20.892,-0.982,-3.802,0.1737
22,560,Bajra,26.85,32.01,0.377,0.6726,ok,-20.161,-17.732,-20.436,-21.284,-2.705,-0.848,0.2331
22,561,Bajra,57.7,54.38,0.24,0.4398,ok,-18.201,-17.325,-17.798,-20.872,-0.473,-3.074,0.1906
22,562,Maize,44.52,64.5,0.082,0.2438,ok,-19.651,-17.08,-17.63,-19.612,-0.55,-1.982,0.3027
22,563,Bajra,71.8,48.58,0.381,0.2196,ok,-19.181,-16.836,-18.36,-20.369,-1.524,-2.01,0.2585
22,564,Cotton,50.08,73.88,0.07,0.4752,ok,-19.681,-19.279,-19.911,-19.072,-0.631,0.839,0.4193
22,565,Cotton,65.51,73.37,0.453,0.1141,ok,-18.602,-18.402,-19.057,-18.162,-0.655,0.895,0.4247
22,566,Groundnut,64.69,49.84,0.266,0.2809,ok,-19.314,-18.49,-20.458,-19.724,-1.968,0.734,0.265
22,567,Rice,34.26,61.2,0.062,0.4231,ok,-19.928,-19.424,-20.425,-19.648,-1.001,0.777,0.3675
22,568,Maize,71.07,65.34,0.298,0.1505,ok,-18.212,-19.518,-18.617,-19.296,0.9,-0.679,0.3895
22,569,Cotton,54.56,49.14,0.072,0.5758,ok,-19.484,-16.663,-19.172,-18.259,-2.509,0.913,0.3286
22,570,Cotton,96.93,96.84,0.135,1.6121,ok,-17.14,-15.739,-14.989,-14.006,0.749,0.983,0.5166
22,571,Rice,58.96,82.51,0.177,0.6626,ok,-20.714,-19.417,-20.429,-18.986,-1.011,1.443,0.237
22,572,Bajra,70.04,38.49,0.384,0.6223,ok,-17.83,-16.489,-18.771,-20.112,-2.281,-1.341,0.2066
22,573,Cotton,54.28,50.13,0.359,1.2739,ok,-20.053,-17.34,-20.354,-17.585,-3.014,2.769,0.28
22,574,Cotton,78.58,86.36,0.231,0.7135,ok,-19.184,-18.669,-19.258,-16.127,-0.589,3.131,0.4199
22,575,Groundnut,52.52,46.9,0.027,0.789,ok,-19.961,-19.157,-20.554,-20.328,-1.397,0.226,0.3462
22,576,Rice,30.01,55.86,0.187,0.1749,ok,-19.38,-18.923,-20.509,-19.528,-1.587,0.981,0.3798
22,577,Maize,79.36,83.05,0.51,0.1508,ok,-20.174,-18.756,-18.175,-18.765,0.581,-0.59,0.4288
22,578,Bajra,60.51,37.19,0.272,0.2821,ok,-17.326,-16.142,-17.848,-20.548,-1.706,-2.7,0.186
22,579,Bajra,62.62,41.05,0.205,0.4596,ok,-16.918,-16.533,-17.081,-20.519,-0.548,-3.438,0.1724
22,580,Rice,64.22,63.14,0.158,0.1585,ok,-18.071,-17.93,-18.731,-18.632,-0.801,0.099,0.1824
22,581,Cotton,62.04,63.74,0.053,0.3382,ok,-17.834,-17.295,-19.276,-18.264,-1.981,1.012,0.373
22,582,Rice,97.98,98.58,0.322,0.3331,ok,-18.658,-18.638,-17.534,-16.754,1.104,0.78,0.4832
22,583,Cotton,51.24,54.62,0.217,0.7334,ok,-21.041,-19.191,-21.649,-17.316,-2.458,4.333,0.4185
22,584,Bajra,42.48,32.33,0.197,0.8413,ok,-16.973,-15.952,-17.001,-20.92,-1.049,-3.918,0.1857
22,585,Maize,69.76,56.76,0.281,0.3411,ok,-16.822,-16.41,-16.728,-17.988,-0.318,-1.26,0.327
22,586,Groundnut,41.04,37.03,0.363,0.1401,ok,-20.909,-18.259,-21.164,-20.287,-2.905,0.877,0.3408
22,587,Cotton,57.2,69.36,0.224,0.1657,ok,-18.841,-18.159,-19.315,-18.563,-1.157,0.753,0.4602
22,588,Rice,33.97,61.38,0.019,0.1689,ok,-19.504,-19.481,-20.965,-19.427,-1.484,1.539,0.3575
22,589,Rice,50.32,88.56,0.032,0.0353,small_plot,-19.226,-20.017,-20.661,-19.627,-0.644,1.034,0.408
22,590,Cotton,54.11,67.99,0.247,0.1413,ok,-19.729,-18.327,-19.718,-18.701,-1.391,1.017,0.3618
22,591,Cotton,31.46,53.8,0.328,0.1777,ok,-19.584,-19.687,-21.43,-19.438,-1.743,1.992,0.3952
22,592,Rice,74.0,84.95,0.353,0.69,ok,-21.614,-20.783,-19.64,-19.06,1.143,0.58,0.2147
22,593,Rice,63.72,65.71,0.272,1.0612,ok,-21.567,-21.262,-20.242,-19.29,1.02,0.952,0.2307
22,594,Cotton,91.05,92.19,0.195,1.4631,ok,-17.585,-16.363,-15.844,-14.957,0.519,0.887,0.4625
22,595,Cotton,73.7,67.03,0.127,1.0995,ok,-16.647,-16.427,-15.871,-16.388,0.556,-0.517,0.3287
22,596,Cotton,45.22,67.73,0.278,0.5212,ok,-19.74,-19.216,-20.791,-19.1,-1.576,1.691,0.2382
22,597,Cotton,27.16,38.8,0.012,0.536,ok,-19.485,-18.645,-19.707,-19.868,-1.062,-0.16,0.1763
22,598,Rice,32.1,66.85,0.251,0.1791,ok,-20.558,-18.904,-20.64,-19.61,-1.736,1.03,0.2815
22,599,Maize,18.22,50.17,0.023,0.5189,ok,-19.729,-18.97,-20.038,-19.999,-1.068,0.038,0.3151
22,600,Cotton,51.09,66.93,0.249,0.2615,ok,-20.506,-18.55,-20.551,-18.729,-2.001,1.822,0.4052
22,601,Groundnut,27.53,23.95,0.28,0.1368,ok,-20.558,-17.594,-21.026,-20.57,-3.433,0.457,0.3002
22,602,Rice,79.69,91.81,0.067,0.065,ok,-18.91,-18.625,-18.684,-18.847,-0.06,-0.162,0.3949
22,603,Cotton,51.19,48.35,0.0,0.1271,no_valid_sar,,,,,,,
22,604,Cotton,37.09,61.65,0.031,0.2496,ok,-19.914,-18.774,-19.977,-19.435,-1.203,0.543,0.3737
22,605,Cotton,63.64,47.44,0.264,0.2729,ok,-18.511,-17.645,-18.976,-17.82,-1.331,1.157,0.414
22,606,Rice,17.66,50.87,0.176,0.3094,ok,-18.835,-19.041,-21.463,-19.707,-2.422,1.755,0.2295
22,607,Cotton,45.59,59.21,0.459,0.1635,ok,-20.132,-18.874,-20.92,-18.639,-2.046,2.281,0.4879
22,608,Rice,75.43,93.44,0.253,0.1847,ok,-19.519,-19.304,-18.258,-19.091,1.046,-0.833,0.3995
22,609,Rice,42.32,51.06,0.197,0.0978,ok,-19.559,-17.908,-20.432,-18.996,-2.524,1.435,0.4088
22,610,Rice,55.38,67.28,0.011,0.0761,ok,-19.265,-18.428,-20.141,-18.157,-1.713,1.984,0.4128
22,611,Rice,30.48,78.27,0.201,0.0381,small_plot,-20.885,-19.689,-20.784,-20.314,-1.095,0.47,0.4469
22,612,Cotton,48.76,52.7,0.319,0.1296,ok,-19.506,-17.576,-19.453,-18.577,-1.877,0.876,0.4281
22,613,Cotton,37.72,56.51,0.11,0.3562,ok,-19.501,-18.305,-20.006,-19.315,-1.701,0.691,0.3826
22,614,Maize,39.54,56.05,0.035,0.3177,ok,-19.782,-17.845,-19.239,-19.264,-1.394,-0.026,0.4493
22,615,Cotton,86.05,85.34,0.262,0.9694,ok,-18.008,-16.475,-16.125,-15.348,0.349,0.777,0.4776
22,616,Cotton,27.21,50.89,0.096,2.0208,ok,-19.984,-18.856,-21.264,-19.552,-2.408,1.712,0.259
22,617,Rice,59.72,81.18,0.107,0.4148,ok,-20.133,-19.784,-19.864,-19.452,-0.079,0.412,0.393
22,618,Rice,29.83,53.58,0.154,0.5883,ok,-19.739,-19.065,-20.582,-19.531,-1.517,1.051,0.388
22,619,Maize,43.18,73.46,0.143,0.2525,ok,-19.294,-19.093,-19.751,-19.587,-0.658,0.165,0.3047
22,620,Rice,18.42,48.66,0.117,0.2315,ok,-20.23,-19.609,-21.069,-19.905,-1.461,1.165,0.2429
22,621,Rice,70.92,78.32,0.124,0.3146,ok,-19.468,-19.928,-19.652,-19.054,0.276,0.599,0.3205
22,622,Groundnut,63.98,57.48,0.295,0.4142,ok,-20.474,-18.604,-20.361,-19.952,-1.756,0.408,0.2131
22,623,Groundnut,53.78,69.19,0.14,0.3915,ok,-20.507,-19.542,-20.782,-20.497,-1.24,0.285,0.299
22,624,Rice,39.6,61.65,0.047,1.2623,ok,-20.263,-19.217,-20.808,-19.062,-1.592,1.746,0.1859
22,625,Rice,71.04,79.37,0.145,0.1818,ok,-18.829,-18.625,-19.32,-18.486,-0.695,0.834,0.4683
22,626,Cotton,60.4,76.98,0.175,0.2112,ok,-20.744,-18.422,-19.55,-18.568,-1.128,0.982,0.4714
22,627,Cotton,27.88,48.05,0.305,0.3735,ok,-20.137,-18.193,-20.939,-19.619,-2.746,1.32,0.2998
22,628,Maize,33.47,63.44,0.15,0.2715,ok,-20.253,-18.865,-19.751,-19.687,-0.887,0.064,0.1977
22,629,Maize,28.87,80.91,0.191,0.3564,ok,-20.123,-19.366,-19.956,-20.809,-0.59,-0.854,0.1906
22,630,Maize,17.56,49.63,0.031,0.2108,ok,-20.096,-19.486,-20.429,-20.098,-0.943,0.332,0.2728
22,631,Rice,44.96,47.58,0.132,0.7572,ok,-20.024,-19.269,-19.963,-19.529,-0.694,0.434,0.4293
22,632,Groundnut,58.01,59.28,0.02,0.3034,ok,-19.965,-19.301,-20.425,-20.267,-1.124,0.158,0.227
22,633,Cotton,12.27,15.62,0.056,0.4459,ok,-19.088,-17.427,-20.562,-19.739,-3.135,0.824,0.1892
22,634,Groundnut,11.98,8.62,0.247,0.2655,ok,-20.395,-17.218,-21.899,-20.475,-4.681,1.424,0.2415
22,635,Rice,26.23,69.51,0.089,0.0617,ok,-20.188,-20.451,-21.326,-20.248,-0.875,1.078,0.2859
22,636,Rice,50.87,61.85,0.06,0.0627,ok,-19.367,-18.099,-19.678,-18.691,-1.58,0.987,0.3989
22,637,Rice,45.8,63.46,0.096,0.0768,ok,-20.274,-20.41,-20.761,-19.592,-0.35,1.168,0.2855
22,638,Groundnut,54.3,56.29,0.263,0.1231,ok,-19.25,-19.249,-21.219,-20.165,-1.969,1.053,0.1872
22,639,Rice,55.6,82.59,0.01,0.1661,ok,-19.149,-20.093,-20.16,-19.553,-0.067,0.607,0.1959
22,640,Cotton,36.71,59.74,0.118,0.2641,ok,-19.862,-18.573,-20.241,-19.374,-1.668,0.867,0.2287
22,641,Rice,35.61,52.83,0.276,0.3452,ok,-19.861,-18.285,-20.441,-19.277,-2.156,1.164,0.2968
22,642,Rice,90.51,93.37,0.269,0.0716,ok,-18.715,-18.617,-18.624,-17.398,-0.007,1.226,0.4912
22,643,Groundnut,48.47,28.24,0.329,0.231,ok,-20.248,-17.789,-20.755,-19.802,-2.966,0.953,0.2932
22,644,Groundnut,50.13,25.44,0.367,0.1829,ok,-20.349,-17.326,-20.418,-19.792,-3.091,0.626,0.2809
22,645,Cotton,78.37,79.51,0.258,0.8414,ok,-17.607,-16.681,-16.598,-16.396,0.083,0.202,0.3963
22,646,Groundnut,30.72,27.77,0.307,0.1543,ok,-20.098,-17.517,-20.891,-20.751,-3.374,0.14,0.2443
22,647,Cotton,62.55,51.76,0.359,0.1495,ok,-19.119,-18.366,-19.805,-17.781,-1.439,2.024,0.3331
22,648,Cotton,79.83,80.7,0.453,0.1166,ok,-18.301,-19.158,-18.623,-17.396,0.535,1.226,0.4518
22,649,Groundnut,82.25,59.45,0.368,0.1498,ok,-19.458,-17.871,-19.756,-19.476,-1.884,0.279,0.4015
22,650,Groundnut,44.67,28.38,0.301,0.1833,ok,-20.369,-17.984,-21.496,-19.866,-3.512,1.63,0.4331
22,651,Cotton,21.62,40.96,0.269,0.2723,ok,-19.198,-18.277,-21.415,-19.858,-3.138,1.557,0.2876
22,652,Cotton,34.53,59.35,0.228,0.1276,ok,-19.925,-18.446,-20.333,-19.482,-1.887,0.851,0.3349
22,653,Groundnut,76.79,66.44,0.032,0.4304,ok,-19.219,-18.477,-19.563,-19.756,-1.085,-0.194,0.2272
22,654,Groundnut,47.14,57.03,0.114,0.3507,ok,-20.053,-18.735,-20.538,-20.73,-1.803,-0.192,0.1729
22,655,Rice,45.93,65.98,0.024,0.8153,ok,-19.965,-19.408,-20.708,-19.007,-1.299,1.701,0.1843
22,656,Groundnut,48.53,55.3,0.153,0.2308,ok,-20.357,-18.478,-20.385,-20.717,-1.907,-0.332,0.2003
22,657,Rice,15.25,50.57,0.121,0.2685,ok,-21.405,-19.219,-21.564,-19.719,-2.344,1.845,0.2569
22,658,Cotton,30.4,56.66,0.095,0.497,ok,-19.789,-18.9,-21.058,-19.647,-2.157,1.41,0.2649
22,659,Rice,51.96,54.64,0.109,0.5056,ok,-20.393,-19.007,-19.777,-19.276,-0.77,0.501,0.3864
22,660,Groundnut,56.26,60.09,0.018,0.2246,ok,-20.809,-18.81,-20.215,-20.352,-1.404,-0.137,0.2502
22,661,Cotton,72.76,75.58,0.321,0.3331,ok,-19.237,-17.255,-18.153,-17.627,-0.898,0.526,0.453
22,662,Cotton,76.53,72.33,0.189,0.8279,ok,-16.166,-15.553,-15.388,-15.725,0.166,-0.338,0.4129
22,663,Cotton,74.95,84.18,0.346,0.3663,ok,-19.994,-18.363,-19.635,-17.525,-1.273,2.111,0.2617
22,664,Cotton,34.61,24.34,0.25,0.7795,ok,-20.425,-16.914,-21.373,-18.505,-4.459,2.868,0.2847
22,665,Cotton,55.91,53.19,0.241,0.5789,ok,-20.121,-17.244,-19.677,-15.24,-2.433,4.438,0.4166
22,666,Maize,75.21,65.65,0.183,1.345,ok,-16.516,-15.82,-15.638,-17.977,0.182,-2.338,0.2828
22,667,Cotton,79.98,88.34,0.327,0.2817,ok,-19.046,-18.18,-19.201,-16.892,-1.021,2.308,0.4315
22,668,Cotton,16.31,31.84,0.072,0.1094,ok,-20.265,-17.988,-21.556,-19.72,-3.568,1.835,0.3163
22,669,Rice,39.13,38.92,0.292,0.1334,ok,-19.911,-17.385,-20.49,-19.095,-3.106,1.396,0.3253
22,670,Groundnut,38.71,36.55,0.38,0.2629,ok,-18.722,-18.208,-21.222,-20.393,-3.014,0.83,0.3208
22,671,Cotton,60.87,33.63,0.104,0.123,ok,-19.729,-17.042,-18.844,-17.669,-1.802,1.175,0.2947
22,672,Rice,20.43,42.29,0.167,0.0985,ok,-19.664,-18.627,-21.63,-19.604,-3.003,2.026,0.3094
22,673,Rice,24.31,55.45,0.268,0.0824,ok,-20.135,-18.725,-21.03,-19.699,-2.304,1.33,0.2963
22,674,Bajra,27.84,25.9,0.284,0.3606,ok,-20.478,-16.865,-20.079,-21.127,-3.214,-1.048,0.205
22,675,Groundnut,58.68,64.3,0.29,0.1689,ok,-21.432,-19.126,-20.849,-20.291,-1.723,0.558,0.2544
22,676,Cotton,24.83,43.04,0.039,0.0824,ok,-20.372,-18.682,-22.096,-19.303,-3.415,2.793,0.306
22,677,Rice,42.11,50.41,0.176,0.0782,ok,-19.722,-17.929,-20.504,-18.98,-2.574,1.523,0.2992
22,678,Maize,31.78,68.4,0.24,0.5204,ok,-19.759,-17.858,-18.582,-20.138,-0.724,-1.555,0.2052
22,679,Rice,86.63,87.52,0.206,0.1463,ok,-19.247,-18.066,-17.702,-18.151,0.365,-0.449,0.3142
22,680,Maize,37.45,72.3,0.046,0.2798,ok,-20.566,-18.315,-18.878,-19.907,-0.562,-1.029,0.2674
22,681,Cotton,80.05,75.84,0.521,0.2574,ok,-18.414,-17.704,-17.698,-16.267,0.006,1.431,0.4689
22,682,Cotton,68.43,72.16,0.104,0.1765,ok,-20.426,-17.391,-18.304,-17.984,-0.913,0.32,0.4152
22,683,Cotton,28.78,48.47,0.108,0.2236,ok,-19.558,-18.185,-20.066,-19.553,-1.881,0.512,0.3169
22,684,Rice,62.55,76.85,0.111,0.1366,ok,-19.667,-18.436,-19.393,-18.883,-0.956,0.51,0.3524
22,685,Cotton,42.51,45.66,0.505,0.2463,ok,-19.437,-18.691,-21.191,-18.174,-2.5,3.017,0.3158
22,686,Cotton,29.77,56.56,0.091,0.2091,ok,-19.858,-19.008,-21.114,-19.729,-2.106,1.385,0.2519
22,687,Cotton,54.46,64.07,0.238,0.2109,ok,-19.198,-18.154,-20.378,-18.53,-2.224,1.848,0.2512
22,688,Groundnut,37.33,40.15,0.323,1.0837,ok,-21.409,-18.521,-21.414,-20.59,-2.893,0.824,0.2255
22,689,Cotton,21.63,6.3,0.028,0.7232,ok,-20.456,-15.903,-22.243,-19.03,-6.34,3.213,0.3014
22,690,Cotton,28.36,12.55,0.221,0.7804,ok,-20.166,-15.903,-21.091,-18.706,-5.188,2.385,0.3423
22,691,Groundnut,19.27,8.82,0.041,1.679,ok,-20.256,-17.13,-21.005,-20.597,-3.875,0.409,0.1783
22,692,Groundnut,35.19,18.01,0.068,0.1802,ok,-20.101,-17.692,-20.516,-20.392,-2.825,0.124,0.2509
22,693,Rice,46.3,77.15,0.108,0.1698,ok,-19.514,-19.317,-20.17,-19.549,-0.853,0.621,0.3165
22,694,Cotton,78.42,78.59,0.255,1.391,ok,-16.354,-15.895,-16.081,-15.891,-0.186,0.189,0.4381
22,695,Groundnut,76.23,61.1,0.252,0.1247,ok,-20.073,-18.484,-20.037,-19.655,-1.552,0.381,0.4522
22,696,Cotton,73.95,78.15,0.233,0.1429,ok,-20.258,-17.778,-19.319,-17.693,-1.541,1.626,0.4548
22,697,Rice,54.36,68.6,0.143,0.1231,ok,-20.093,-18.261,-19.446,-19.021,-1.185,0.424,0.4887
22,698,Groundnut,86.08,70.93,0.225,0.1518,ok,-17.783,-18.041,-19.253,-19.621,-1.213,-0.367,0.3101
22,699,Cotton,11.67,23.81,0.173,0.2522,ok,-19.45,-17.527,-20.825,-19.94,-3.298,0.885,0.2917
22,700,Groundnut,28.42,25.31,0.337,0.2239,ok,-19.438,-17.99,-21.866,-20.405,-3.876,1.461,0.2884
22,701,Groundnut,32.38,32.41,0.35,0.226,ok,-20.208,-18.18,-21.414,-20.595,-3.235,0.819,0.4252
22,702,Cotton,38.04,50.64,0.199,0.2802,ok,-20.084,-18.391,-21.384,-18.858,-2.993,2.526,0.319
22,703,Cotton,69.64,72.93,0.445,0.3429,ok,-18.369,-17.717,-18.476,-17.817,-0.759,0.659,0.386
22,704,Groundnut,23.76,18.48,0.246,1.8944,ok,-19.723,-17.96,-21.618,-20.372,-3.658,1.245,0.2168
22,705,Rice,91.58,83.71,0.135,0.2229,ok,-17.959,-18.369,-17.28,-16.786,1.09,0.493,0.5255
22,706,Groundnut,52.59,44.92,0.171,0.2453,ok,-18.929,-18.293,-20.314,-20.182,-2.021,0.133,0.2608
22,707,Groundnut,84.61,56.95,0.011,1.4116,ok,-20.562,-17.975,-19.315,-19.096,-1.34,0.22,0.3678
22,708,Cotton,42.68,26.26,0.352,0.9872,ok,-20.995,-16.663,-20.972,-17.692,-4.309,3.28,0.2701
22,709,Rice,17.29,53.15,0.225,0.8481,ok,-20.059,-19.119,-20.929,-19.841,-1.81,1.088,0.2157
22,710,Bajra,68.7,36.4,0.181,0.3835,ok,-16.703,-16.145,-16.856,-20.004,-0.711,-3.148,0.2044
22,711,Rice,84.53,85.95,0.221,0.2435,ok,-18.555,-18.92,-19.117,-17.937,-0.197,1.18,0.4273
22,712,Cotton,49.13,61.3,0.251,0.1902,ok,-20.664,-17.788,-19.697,-18.911,-1.909,0.786,0.2391
22,713,Rice,68.86,70.48,0.019,0.1896,ok,-17.81,-16.99,-17.897,-18.543,-0.907,-0.646,0.392
22,714,Groundnut,52.24,26.27,0.282,0.1553,ok,-21.018,-17.687,-21.404,-19.616,-3.717,1.788,0.2294
22,715,Maize,67.15,80.03,0.177,0.1701,ok,-19.94,-17.37,-17.648,-19.184,-0.277,-1.536,0.2439
22,716,Rice,29.31,51.49,0.035,0.1937,ok,-20.14,-19.331,-20.487,-19.702,-1.157,0.786,0.4064
22,717,Cotton,43.94,54.76,0.041,0.4645,ok,-19.583,-17.767,-19.873,-18.916,-2.106,0.957,0.2902
22,718,Rice,31.13,53.27,0.194,0.2042,ok,-19.173,-18.66,-20.299,-19.473,-1.639,0.826,0.3946
22,719,Bajra,66.86,45.17,0.248,0.5814,ok,-16.999,-16.442,-17.661,-20.502,-1.219,-2.841,0.1487
22,720,Cotton,51.19,48.35,0.0,0.227,no_valid_sar,,,,,,,
22,721,Bajra,54.19,41.87,0.178,0.461,ok,-17.036,-16.373,-17.379,-20.767,-1.005,-3.389,0.1432
22,722,Maize,46.35,52.05,0.083,1.1017,ok,-17.122,-16.059,-16.326,-19.555,-0.267,-3.229,0.1498
22,723,Maize,61.25,52.38,0.197,1.1547,ok,-16.99,-15.77,-16.361,-18.159,-0.591,-1.798,0.2318
22,724,Bajra,72.01,40.86,0.339,0.7673,ok,-16.882,-16.129,-17.913,-19.796,-1.784,-1.883,0.1636
22,725,Cotton,26.33,24.21,0.149,1.1111,ok,-20.957,-16.725,-20.901,-19.219,-4.176,1.682,0.2257
22,726,Groundnut,56.56,33.28,0.053,0.3542,ok,-19.682,-18.004,-19.935,-19.991,-1.931,-0.056,0.2317
22,727,Cotton,37.36,20.89,0.195,1.2313,ok,-21.047,-17.228,-21.428,-15.584,-4.2,5.844,0.4222
22,728,Groundnut,29.61,31.14,0.276,0.903,ok,-20.883,-18.063,-21.219,-20.802,-3.156,0.417,0.1774
22,729,Bajra,56.26,49.17,0.558,1.0389,ok,-18.954,-17.659,-19.357,-20.757,-1.698,-1.399,0.1746
22,730,Bajra,69.73,46.52,0.228,1.4641,ok,-17.132,-16.466,-17.332,-20.436,-0.866,-3.104,0.1754
22,731,Rice,63.74,90.06,0.098,0.2058,ok,-18.982,-19.672,-20.214,-19.288,-0.541,0.926,0.2904
22,732,Rice,79.6,79.75,0.076,0.2719,ok,-17.36,-17.714,-18.396,-17.968,-0.682,0.428,0.3659
22,733,Bajra,81.37,53.52,0.157,2.0442,ok,-16.871,-16.443,-16.84,-19.964,-0.397,-3.123,0.1739
22,734,Bajra,41.44,55.93,0.216,0.1344,ok,-18.967,-17.859,-18.028,-21.389,-0.169,-3.361,0.1749
22,735,Maize,59.04,76.65,0.237,0.151,ok,-18.925,-18.928,-18.296,-19.621,0.632,-1.325,0.2882
22,736,Rice,63.16,68.88,0.019,0.1227,ok,-19.374,-17.355,-18.986,-18.114,-1.631,0.871,0.2528
22,737,Maize,50.5,77.08,0.139,0.1667,ok,-19.421,-18.363,-19.15,-19.419,-0.788,-0.268,0.2595
22,738,Rice,53.28,70.83,0.041,0.4379,ok,-20.562,-19.533,-20.29,-19.27,-0.757,1.02,0.5394
22,739,Rice,78.03,80.79,0.088,1.0873,ok,-20.991,-19.141,-19.493,-18.029,-0.351,1.463,0.2288
22,740,Cotton,44.22,68.83,0.162,0.2319,ok,-19.439,-19.489,-20.361,-19.283,-0.873,1.078,0.3984
22,741,Groundnut,52.23,3.36,0.073,0.2714,ok,-20.143,2.492,-20.77,-19.16,-23.262,1.609,0.4331
22,742,Groundnut,49.79,1.77,0.041,0.4649,partial_coverage,-21.218,11.655,-20.142,-19.591,-31.797,0.552,0.3292
22,743,Rice,52.78,91.41,0.085,0.2659,ok,-19.532,-20.235,-20.637,-19.637,-0.402,1.0,0.4018
22,744,Cotton,28.66,40.87,0.055,0.7114,ok,-19.661,-20.162,-21.454,-20.387,-1.292,1.067,0.1868
22,745,Groundnut,26.92,1.91,0.043,0.1748,partial_coverage,-20.723,8.649,-20.603,-20.384,-29.251,0.218,0.2776
22,746,Groundnut,32.18,1.7,0.037,0.3916,partial_coverage,-20.604,8.993,-19.411,-20.187,-28.405,-0.776,0.3847
22,747,Groundnut,25.94,3.44,0.052,0.192,ok,-20.142,4.038,-20.571,-20.47,-24.609,0.1,0.2875
22,748,Rice,36.87,79.45,0.083,0.1868,ok,-19.827,-20.209,-20.86,-20.018,-0.651,0.842,0.5008
22,749,Cotton,50.58,72.22,0.116,0.1936,ok,-20.188,-19.177,-21.029,-18.888,-1.852,2.141,0.4961
22,750,Rice,63.59,86.24,0.013,0.1837,ok,-19.84,-19.134,-19.917,-19.112,-0.783,0.805,0.3875
22,751,Rice,69.59,79.6,0.109,0.1932,ok,-19.569,-19.279,-20.182,-17.97,-0.903,2.211,0.4373
22,752,Rice,72.59,69.76,0.166,0.1592,ok,-19.218,-19.904,-19.543,-18.893,0.36,0.65,0.4628
22,753,Rice,62.91,81.08,0.134,0.1574,ok,-19.409,-19.527,-19.636,-19.332,-0.108,0.304,0.4189
22,754,Maize,73.43,92.14,0.435,0.2625,ok,-18.769,-19.291,-18.557,-19.404,0.735,-0.847,0.2055
22,755,Cotton,83.02,47.14,0.1,0.3315,ok,-18.349,-17.164,-16.067,-15.358,1.097,0.709,0.4272
22,756,Maize,81.7,92.33,0.497,0.348,ok,-19.553,-19.055,-18.365,-18.892,0.69,-0.527,0.3401
22,757,Cotton,65.35,83.32,0.142,0.2646,ok,-20.602,-19.43,-20.826,-18.125,-1.396,2.702,0.448
22,758,Cotton,71.12,81.3,0.111,0.1316,ok,-18.961,-17.904,-18.905,-18.098,-1.001,0.807,0.44
22,759,Rice,42.34,61.6,0.026,0.2181,ok,-19.452,-19.431,-20.296,-19.525,-0.865,0.771,0.3918
22,760,Maize,30.54,71.21,0.041,0.1203,ok,-19.297,-18.858,-19.812,-19.871,-0.955,-0.059,0.265
22,761,Maize,24.21,57.95,0.078,0.1546,ok,-19.873,-19.277,-20.224,-19.873,-0.947,0.351,0.2565
22,762,Groundnut,29.04,30.86,0.311,0.263,ok,-20.894,-18.337,-21.656,-20.785,-3.319,0.871,0.2232
22,763,Maize,54.4,92.52,0.223,0.3571,ok,-19.916,-19.742,-19.621,-19.899,0.12,-0.278,0.379
22,764,Cotton,54.81,63.78,0.528,0.1886,ok,-19.269,-18.512,-20.107,-18.494,-1.595,1.613,0.4284
22,765,Rice,31.29,70.67,0.238,0.2219,ok,-20.182,-19.156,-20.676,-19.718,-1.52,0.958,0.4197
22,766,Rice,57.97,66.64,0.076,0.2155,ok,-19.358,-19.289,-19.838,-19.225,-0.549,0.612,0.4429
22,767,Cotton,45.59,63.33,0.395,0.2872,ok,-19.693,-19.052,-20.683,-18.923,-1.631,1.76,0.2572
22,768,Rice,24.54,69.83,0.236,0.244,ok,-19.712,-19.455,-20.822,-20.069,-1.367,0.753,0.3952
22,769,Rice,43.4,49.76,0.064,0.1765,ok,-20.299,-19.357,-20.182,-19.502,-0.826,0.681,0.4094
22,770,Rice,50.04,57.91,0.048,0.2219,ok,-18.928,-19.028,-20.058,-19.055,-1.03,1.003,0.3886
22,771,Cotton,28.14,45.87,0.244,0.1772,ok,-20.052,-17.943,-20.338,-19.443,-2.395,0.896,0.5056
22,772,Rice,65.49,78.16,0.02,0.167,ok,-19.729,-18.856,-19.447,-18.989,-0.591,0.458,0.4309
22,773,Rice,40.42,53.72,0.096,0.1416,ok,-19.121,-18.672,-19.956,-19.385,-1.283,0.571,0.3815
22,774,Groundnut,45.44,50.35,0.178,0.1543,ok,-22.113,-18.719,-20.704,-20.452,-1.985,0.252,0.4056
22,775,Cotton,42.75,63.67,0.221,0.1158,ok,-20.156,-18.878,-20.846,-19.132,-1.969,1.715,0.4513
22,776,Cotton,28.76,51.44,0.046,0.2341,ok,-19.263,-18.698,-21.017,-19.512,-2.319,1.504,0.3317
22,777,Groundnut,44.22,38.15,0.228,0.2263,ok,-19.728,-18.654,-21.079,-20.252,-2.425,0.826,0.2885
22,778,Groundnut,46.38,54.01,0.162,0.348,ok,-21.126,-19.462,-21.146,-20.406,-1.683,0.74,0.2262
22,779,Groundnut,40.77,46.17,0.145,0.3549,ok,-20.064,-19.171,-21.141,-20.459,-1.97,0.681,0.2904
22,780,Groundnut,36.6,18.64,0.164,0.2658,ok,-19.846,-17.85,-20.432,-20.447,-2.582,-0.015,0.2679
22,781,Cotton,44.91,43.78,0.525,0.4003,ok,-20.345,-17.862,-20.821,-17.998,-2.959,2.823,0.2556
22,782,Groundnut,68.93,44.28,0.296,0.4575,ok,-20.137,-17.809,-19.863,-19.605,-2.054,0.258,0.3313
22,783,Cotton,55.97,78.5,0.129,0.1957,ok,-20.398,-18.943,-20.195,-18.826,-1.252,1.369,0.4161
22,784,Maize,23.17,67.87,0.192,0.6326,ok,-19.715,-18.946,-19.737,-20.339,-0.791,-0.602,0.2358
22,785,Groundnut,43.03,34.83,0.332,0.717,ok,-20.847,-18.271,-21.15,-20.165,-2.879,0.984,0.2038
22,786,Cotton,23.35,43.75,0.083,0.657,ok,-20.38,-18.329,-21.187,-19.456,-2.859,1.732,0.4617
22,787,Groundnut,45.64,48.91,0.23,0.2808,ok,-20.27,-19.352,-21.458,-20.266,-2.106,1.192,0.2575
22,788,Rice,16.82,50.06,0.024,0.1234,ok,-19.921,-19.827,-21.399,-19.78,-1.572,1.619,0.3948
22,789,Cotton,61.77,82.79,0.128,0.1397,ok,-19.513,-19.02,-19.447,-18.567,-0.427,0.88,0.4739
22,790,Cotton,31.68,46.36,0.239,0.1914,ok,-20.233,-18.412,-20.854,-19.256,-2.441,1.597,0.3869
22,791,Groundnut,66.27,67.07,0.283,0.0839,ok,-20.749,-19.045,-20.612,-20.162,-1.567,0.45,0.3913
22,792,Groundnut,83.35,70.22,0.199,0.0943,ok,-18.436,-18.603,-19.825,-19.574,-1.222,0.251,0.4349
22,793,Rice,34.92,75.26,0.231,0.3246,ok,-19.072,-19.202,-20.458,-19.802,-1.256,0.656,0.3496
22,794,Maize,51.35,82.97,0.015,0.1129,ok,-20.654,-18.463,-17.433,-20.039,1.029,-2.606,0.3989
22,795,Maize,41.91,73.27,0.127,0.2239,ok,-20.19,-18.074,-18.095,-19.962,-0.021,-1.867,0.5013
22,796,Rice,62.49,72.82,0.002,0.1143,ok,-18.942,-19.091,-19.925,-18.589,-0.834,1.335,0.4551
22,797,Rice,90.29,93.73,0.287,0.1208,ok,-18.712,-18.506,-18.589,-17.536,-0.084,1.054,0.4695
22,798,Rice,64.36,87.88,0.184,0.1127,ok,-19.408,-19.247,-19.079,-19.436,0.168,-0.357,0.5304
22,799,Cotton,53.08,61.96,0.516,0.1107,ok,-20.053,-18.649,-20.519,-18.449,-1.87,2.07,0.4841
22,800,Bajra,47.58,39.18,0.57,0.136,ok,-20.543,-17.209,-19.195,-20.79,-1.986,-1.595,0.3043
22,801,Rice,32.02,57.27,0.017,0.1094,ok,-20.542,-19.241,-21.018,-19.327,-1.777,1.691,0.3805
22,802,Groundnut,77.95,86.58,0.097,0.0798,ok,-20.79,-19.202,-19.759,-19.957,-0.557,-0.197,0.3478
22,803,Rice,25.44,56.03,0.225,0.1516,ok,-20.384,-18.989,-20.791,-19.572,-1.802,1.219,0.333
22,804,Groundnut,37.62,44.49,0.051,0.0538,ok,-20.503,-18.952,-21.433,-21.559,-2.481,-0.126,0.1731
22,805,Groundnut,19.7,30.99,0.147,0.0635,ok,-20.481,-19.464,-22.254,-20.818,-2.791,1.436,0.2005
22,806,Groundnut,50.03,69.96,0.037,0.0432,ok,-21.308,-19.605,-20.808,-21.302,-1.203,-0.494,0.1993
22,807,Rice,83.21,80.91,0.12,0.0759,ok,-18.93,-19.807,-19.592,-17.055,0.215,2.536,0.3256
22,808,Rice,56.01,72.33,0.115,0.1313,ok,-19.033,-18.713,-20.23,-18.52,-1.517,1.71,0.3325
22,809,Groundnut,42.9,56.31,0.03,0.116,ok,-20.906,-19.06,-20.826,-20.818,-1.766,0.008,0.1971
22,810,Rice,66.62,82.27,0.201,0.1211,ok,-19.452,-19.048,-20.035,-18.39,-0.987,1.645,0.3958
22,811,Rice,27.96,64.3,0.047,0.2977,ok,-19.66,-19.685,-21.102,-19.609,-1.417,1.493,0.2481
22,812,Rice,61.31,74.42,0.05,0.2442,ok,-19.986,-18.618,-19.478,-18.948,-0.86,0.529,0.3979
22,813,Maize,49.84,91.97,0.111,0.2299,ok,-19.35,-19.54,-19.678,-19.953,-0.138,-0.274,0.2389
22,814,Maize,77.6,90.05,0.28,0.0978,ok,-19.24,-18.291,-17.411,-19.157,0.88,-1.746,0.3927
22,815,Groundnut,44.84,67.01,0.018,0.0972,ok,-20.134,-19.996,-21.285,-21.117,-1.288,0.167,0.2269
22,816,Groundnut,44.85,62.54,0.108,0.1072,ok,-20.192,-19.636,-21.353,-21.189,-1.717,0.164,0.2015
22,817,Rice,33.34,82.7,0.105,0.1094,ok,-20.247,-20.725,-21.655,-19.887,-0.931,1.768,0.3733
22,818,Rice,41.16,84.04,0.172,0.1038,ok,-19.189,-19.584,-20.466,-19.806,-0.882,0.66,0.2796
22,819,Rice,34.73,79.01,0.043,0.1142,ok,-20.493,-21.137,-21.651,-21.392,-0.515,0.259,0.2198
22,820,Cotton,39.04,62.28,0.205,0.1004,ok,-20.055,-19.176,-20.804,-19.318,-1.628,1.486,0.2484
22,821,Maize,17.37,62.51,0.004,0.1065,ok,-20.111,-19.638,-20.49,-20.29,-0.852,0.2,0.294
22,822,Rice,8.35,51.31,0.146,0.0741,ok,-19.902,-19.756,-22.283,-20.268,-2.526,2.015,0.3075
22,823,Rice,20.83,56.92,0.174,0.0584,ok,-20.185,-19.112,-21.38,-19.753,-2.268,1.626,0.282
22,824,Cotton,51.19,48.35,0.0,0.1388,no_valid_sar,,,,,,,0.3972
22,825,Cotton,51.19,48.35,0.0,0.1475,no_valid_sar,,,,,,,0.471
22,826,Cotton,51.19,48.35,0.0,0.1827,no_valid_sar,,,,,,,0.2244
22,827,Cotton,51.19,48.35,0.0,0.0997,no_valid_sar,,,,,,,0.4272
22,828,Cotton,51.19,48.35,0.0,0.0949,no_valid_sar,,,,,,,0.3475
22,829,Cotton,68.66,87.38,0.206,0.12,ok,-12.477,-19.821,-20.626,-18.064,-0.805,2.562,0.5152
22,830,Cotton,67.3,87.59,0.099,0.2759,ok,-19.422,-19.0,-19.758,-18.423,-0.758,1.335,0.4118
22,831,Rice,31.47,40.38,0.063,0.1552,ok,-20.386,-19.655,-20.509,-19.879,-0.854,0.63,0.4231
22,832,Rice,62.14,72.24,0.0,0.1907,ok,-19.643,-18.325,-19.438,-18.436,-1.113,1.002,0.3919
22,833,Rice,52.08,69.61,0.033,0.1762,ok,-19.684,-19.244,-20.173,-19.118,-0.93,1.056,0.4116
22,834,Groundnut,56.11,52.28,0.184,0.2295,ok,-19.699,-19.144,-20.849,-20.102,-1.704,0.746,0.3975
22,835,Groundnut,70.68,77.87,0.186,0.2178,ok,-19.454,-19.136,-20.104,-20.182,-0.968,-0.078,0.2418
22,836,Groundnut,47.64,35.31,0.059,0.2236,ok,-19.453,-18.738,-20.525,-20.333,-1.787,0.192,0.2581
22,837,Groundnut,55.54,72.48,0.189,0.0836,ok,-19.753,-19.801,-21.006,-20.467,-1.204,0.539,0.2642
22,838,Groundnut,44.79,54.57,0.006,0.1723,ok,-20.176,-19.99,-21.154,-20.651,-1.164,0.504,0.2859
22,839,Rice,35.72,56.58,0.118,0.2523,ok,-20.58,-19.113,-20.429,-19.467,-1.316,0.962,0.3984
22,840,Rice,46.91,52.71,0.082,0.3772,ok,-20.529,-19.217,-20.021,-19.434,-0.804,0.587,0.4258
22,841,Rice,81.67,87.84,0.344,0.1391,ok,-18.733,-19.045,-19.17,-18.341,-0.125,0.829,0.4276
22,842,Rice,74.59,74.11,0.129,0.1108,ok,-18.941,-19.405,-19.523,-18.448,-0.118,1.075,0.376
22,843,Groundnut,37.42,49.69,0.252,0.107,ok,-20.634,-19.205,-21.662,-20.819,-2.457,0.843,0.2466
22,844,Groundnut,39.92,25.2,0.302,1.2317,ok,-20.9,-17.829,-21.008,-20.097,-3.179,0.911,0.2378
22,845,Maize,77.75,87.84,0.268,0.9671,ok,-19.616,-17.668,-17.943,-18.715,-0.275,-0.773,0.4774
22,846,Groundnut,24.59,30.73,0.262,1.099,ok,-20.646,-18.469,-21.727,-20.853,-3.257,0.874,0.221
22,847,Groundnut,50.83,23.95,0.534,0.4382,ok,-20.168,-16.761,-20.212,-19.777,-3.451,0.435,0.2077
22,848,Groundnut,38.48,10.45,0.355,1.5359,ok,-20.369,-16.287,-21.085,-19.704,-4.799,1.381,0.1881
22,849,Cotton,42.07,44.81,0.368,2.039,ok,-20.977,-17.809,-20.994,-18.405,-3.185,2.589,0.2386
22,850,Rice,73.65,82.62,0.08,0.2161,ok,-18.893,-17.94,-18.732,-18.57,-0.792,0.161,0.4463
22,851,Maize,32.46,67.3,0.064,0.1724,ok,-19.377,-19.133,-20.014,-19.794,-0.881,0.22,0.314
22,852,Cotton,31.49,19.69,0.17,0.2024,ok,-19.517,-16.751,-21.59,-18.57,-4.839,3.02,0.2752
22,853,Cotton,22.31,18.58,0.022,0.177,ok,-19.568,-16.707,-21.329,-19.265,-4.622,2.064,0.2522
22,854,Cotton,51.84,52.11,0.163,0.1549,ok,-20.654,-18.499,-21.275,-17.181,-2.776,4.095,0.388
22,855,Rice,34.74,67.22,0.119,0.085,ok,-19.003,-19.136,-20.894,-19.503,-1.758,1.39,0.2766
22,856,Groundnut,51.21,78.57,0.075,0.0959,ok,-20.325,-20.071,-20.988,-20.85,-0.917,0.138,0.2615
22,857,Groundnut,63.19,59.47,0.165,0.1381,ok,-19.863,-18.715,-20.16,-20.101,-1.445,0.059,0.3883
22,858,Groundnut,41.72,51.25,0.115,0.1428,ok,-20.009,-18.973,-20.941,-20.678,-1.968,0.263,0.2947
22,859,Maize,42.05,77.91,0.12,0.3577,ok,-19.777,-19.417,-19.958,-19.806,-0.541,0.152,0.3826
22,860,Groundnut,25.77,39.82,0.226,0.1653,ok,-18.995,-19.27,-22.181,-20.999,-2.911,1.182,0.2298
22,861,Rice,79.53,85.17,0.261,0.2813,ok,-18.683,-19.598,-19.085,-18.637,0.513,0.449,0.4425
22,862,Cotton,77.98,69.16,0.377,0.0446,ok,-18.941,-19.713,-18.616,-17.54,1.097,1.076,0.3545
22,863,Cotton,60.65,63.1,0.547,0.0541,ok,-19.073,-19.314,-20.577,-17.852,-1.263,2.724,0.3026
22,864,Rice,25.92,51.38,0.028,0.2109,ok,-19.856,-19.41,-21.895,-19.419,-2.486,2.477,0.1879
22,865,Groundnut,43.1,66.51,0.063,0.1792,ok,-20.567,-20.521,-21.662,-21.375,-1.141,0.287,0.21
22,866,Rice,77.97,64.7,0.388,0.1765,ok,-19.422,-18.371,-18.101,-18.396,0.27,-0.295,0.3926
22,867,Cotton,41.35,72.32,0.035,0.3015,ok,-20.374,-19.692,-20.41,-19.421,-0.718,0.989,0.4047
22,868,Rice,59.94,88.5,0.043,0.1846,ok,-18.166,-19.519,-20.16,-19.432,-0.641,0.728,0.3598
22,869,Rice,27.36,75.32,0.215,0.2185,ok,-19.446,-19.765,-21.066,-20.228,-1.3,0.837,0.3974
22,870,Maize,82.64,98.78,0.42,0.3067,ok,-19.053,-19.485,-18.487,-19.257,0.997,-0.77,0.3884
22,871,Groundnut,53.85,57.68,0.284,0.103,ok,-20.435,-18.982,-20.866,-20.309,-1.884,0.557,0.3108
22,872,Groundnut,69.22,43.13,0.404,0.1096,ok,-19.768,-17.753,-20.434,-19.445,-2.681,0.99,0.325
22,873,Rice,61.19,64.89,0.035,0.0843,ok,-20.145,-18.697,-19.517,-18.837,-0.821,0.68,0.412
22,874,Bajra,56.48,39.72,0.479,1.5232,ok,-17.867,-17.215,-19.495,-20.617,-2.281,-1.122,0.1638
22,875,Rice,83.84,73.65,0.07,0.1411,ok,-18.422,-18.55,-18.419,-17.976,0.13,0.444,0.465
22,876,Rice,47.46,76.57,0.111,0.1753,ok,-20.567,-19.599,-20.905,-19.246,-1.306,1.659,0.4015
22,877,Cotton,34.51,33.54,0.279,0.161,ok,-20.771,-18.533,-22.111,-17.535,-3.578,4.576,0.338
22,878,Rice,59.76,73.47,0.103,0.3387,ok,-20.151,-19.166,-19.98,-18.964,-0.814,1.016,0.4661
22,879,Rice,41.32,72.16,0.108,0.2128,ok,-19.801,-19.824,-21.011,-19.371,-1.187,1.64,0.3942
22,880,Rice,17.75,58.45,0.224,0.1798,ok,-20.889,-19.291,-21.465,-20.005,-2.174,1.459,0.3161
22,881,Rice,40.06,79.78,0.041,0.1945,ok,-20.89,-19.87,-21.027,-19.565,-1.157,1.461,0.3711
22,882,Cotton,28.33,51.54,0.019,0.2306,ok,-21.043,-19.644,-21.175,-20.257,-1.531,0.918,0.2907
22,883,Rice,45.66,68.31,0.085,0.3265,ok,-20.233,-19.426,-20.396,-19.418,-0.97,0.978,0.4095
22,884,Rice,55.98,64.74,0.126,0.2098,ok,-19.582,-18.009,-19.329,-18.665,-1.32,0.664,0.3586
22,885,Cotton,49.5,71.42,0.231,0.102,ok,-20.891,-19.425,-21.275,-18.713,-1.85,2.562,0.28
22,886,Rice,30.03,49.48,0.017,0.1144,ok,-20.354,-19.544,-22.017,-19.078,-2.473,2.939,0.2529
22,887,Rice,36.41,59.98,0.064,0.118,ok,-20.686,-19.695,-21.046,-19.286,-1.35,1.76,0.319
22,888,Groundnut,62.65,59.43,0.166,0.3145,ok,-19.986,-19.001,-20.427,-20.037,-1.426,0.389,0.2154
22,889,Rice,19.36,69.41,0.225,0.1055,ok,-20.752,-19.908,-21.525,-20.389,-1.617,1.136,0.2388
22,890,Rice,12.17,58.0,0.197,0.2697,ok,-20.697,-19.999,-22.203,-20.553,-2.204,1.649,0.2089
22,891,Cotton,32.78,54.29,0.077,0.3149,ok,-19.709,-19.173,-20.713,-19.602,-1.54,1.11,0.2609
22,892,Cotton,46.03,45.96,0.18,0.1272,ok,-20.135,-17.219,-20.207,-18.545,-2.988,1.662,0.4281
22,893,Rice,92.28,97.02,0.087,0.1299,ok,-19.762,-18.688,-17.813,-18.114,0.874,-0.301,0.3382
22,894,Rice,22.85,49.91,0.279,0.0792,ok,-20.257,-18.617,-20.978,-19.6,-2.361,1.378,0.2374
22,895,Cotton,44.07,50.12,0.176,0.0572,ok,-20.692,-17.89,-19.524,-18.857,-1.634,0.667,0.2477
22,896,Groundnut,65.07,69.27,0.038,0.2587,ok,-19.799,-19.206,-20.176,-20.173,-0.97,0.002,0.2641
22,897,Cotton,58.73,72.78,0.48,0.181,ok,-19.218,-19.278,-20.309,-18.487,-1.031,1.822,0.3578
22,898,Cotton,60.84,71.4,0.186,0.1162,ok,-18.377,-18.011,-19.106,-18.441,-1.095,0.665,0.4253
22,899,Rice,57.37,83.02,0.049,0.1172,ok,-20.736,-19.698,-19.948,-19.493,-0.25,0.454,0.3503
22,900,Bajra,58.22,44.94,0.362,0.1358,ok,-19.822,-17.828,-19.925,-20.573,-2.097,-0.648,0.232
22,901,Cotton,76.18,81.65,0.642,0.0757,ok,-19.737,-18.49,-18.912,-17.481,-0.423,1.432,0.4599
22,902,Rice,60.08,72.8,0.017,0.0953,ok,-20.471,-18.629,-19.606,-18.763,-0.977,0.843,0.4833
22,903,Cotton,34.92,45.38,0.457,0.0893,ok,-20.764,-18.633,-21.369,-18.658,-2.737,2.711,0.4172
22,904,Cotton,41.65,45.47,0.158,0.0724,ok,-19.689,-18.319,-21.585,-18.139,-3.266,3.446,0.4224
22,905,Rice,69.14,79.77,0.021,0.1459,ok,-17.41,-18.082,-18.584,-18.977,-0.502,-0.393,0.3931
22,906,Rice,61.65,87.18,0.02,0.128,ok,-17.978,-18.858,-19.206,-19.466,-0.349,-0.26,0.3519
22,907,Groundnut,51.37,45.39,0.177,0.2556,ok,-19.813,-19.014,-20.893,-20.18,-1.879,0.713,0.2106
22,908,Groundnut,72.03,59.55,0.313,0.2628,ok,-19.625,-17.859,-19.478,-19.921,-1.619,-0.443,0.2371
22,909,Rice,83.33,88.15,0.113,0.3282,ok,-19.995,-18.172,-18.196,-18.389,-0.025,-0.192,0.4476
22,910,Rice,80.94,90.09,0.245,0.1144,ok,-19.275,-19.1,-19.103,-18.581,-0.003,0.522,0.4699
22,911,Rice,49.53,86.36,0.143,0.1301,ok,-19.738,-19.399,-20.093,-19.674,-0.694,0.418,0.3266
22,912,Maize,65.18,81.54,0.421,0.0945,ok,-19.307,-19.301,-18.819,-19.42,0.482,-0.602,0.338
22,913,Groundnut,33.71,42.19,0.162,0.378,ok,-20.089,-18.968,-21.407,-20.791,-2.439,0.616,0.2371
22,914,Cotton,25.31,37.06,0.325,1.14,ok,-20.393,-18.289,-21.108,-19.269,-2.819,1.84,0.266
22,915,Cotton,8.14,17.38,0.094,0.1066,ok,-19.92,-17.588,-21.872,-20.139,-4.285,1.733,0.2344
22,916,Cotton,34.42,59.09,0.199,0.2146,ok,-19.106,-18.539,-20.473,-19.449,-1.933,1.024,0.2589
22,917,Maize,30.95,83.32,0.004,0.3288,ok,-20.353,-19.908,-20.358,-20.439,-0.45,-0.081,0.2591
22,918,Cotton,41.72,70.74,0.041,0.1681,ok,-20.256,-19.68,-20.183,-19.402,-0.504,0.782,0.3775
22,919,Cotton,51.19,48.35,0.0,0.1895,no_valid_sar,,,,,,,0.2834
22,920,Cotton,51.19,48.35,0.0,0.1832,no_valid_sar,,,,,,,0.3343
22,921,Groundnut,46.65,61.35,0.065,0.154,ok,-20.644,-19.246,-20.768,-21.413,-1.522,-0.646,0.2645
22,922,Cotton,76.4,79.58,0.443,0.0641,ok,-19.921,-17.561,-18.816,-17.431,-1.255,1.385,0.4123
22,923,Groundnut,31.75,40.26,0.09,0.0495,ok,-20.138,-19.067,-21.515,-21.468,-2.448,0.047,0.1837
22,924,Maize,33.05,66.13,0.122,0.0497,ok,-20.785,-17.613,-17.542,-20.404,0.072,-2.863,0.1998
22,925,Bajra,40.99,59.33,0.229,0.1072,ok,-20.581,-18.425,-19.479,-21.54,-1.054,-2.06,0.1954
22,926,Maize,72.24,92.11,0.354,0.194,ok,-19.306,-19.293,-18.254,-19.485,1.038,-1.231,0.2525
22,927,Rice,23.7,64.84,0.204,0.2238,ok,-19.614,-19.432,-20.841,-19.914,-1.41,0.928,0.3244
22,928,Rice,41.08,57.11,0.132,0.2428,ok,-19.049,-18.836,-20.268,-19.238,-1.432,1.03,0.3929
22,929,Rice,67.85,70.9,0.003,0.1068,ok,-18.631,-18.055,-18.923,-18.369,-0.868,0.554,0.4678
22,930,Rice,31.32,56.18,0.262,0.1717,ok,-19.82,-18.638,-20.521,-19.444,-1.883,1.077,0.3695
22,931,Groundnut,64.7,4.26,0.06,0.2476,ok,-20.03,5.501,-18.614,-18.357,-24.115,0.257,0.4094
22,932,Cotton,57.1,67.49,0.011,0.1692,ok,-18.442,-17.853,-19.053,-18.559,-1.2,0.494,0.4261
22,933,Groundnut,84.14,80.23,0.172,0.0929,ok,-19.88,-18.788,-19.676,-19.726,-0.888,-0.05,0.3318
22,934,Rice,49.62,80.4,0.179,0.1529,ok,-20.188,-18.789,-19.7,-19.541,-0.912,0.16,0.2411
22,935,Groundnut,55.38,43.95,0.43,0.1429,ok,-19.554,-18.103,-20.624,-20.062,-2.521,0.562,0.2261
22,936,Maize,29.23,61.23,0.077,0.1377,ok,-19.421,-19.031,-19.503,-20.16,-0.473,-0.657,0.2139
22,937,Rice,59.8,72.62,0.021,0.3465,ok,-19.439,-18.699,-20.151,-17.997,-1.451,2.153,0.2333
22,938,Rice,23.32,66.54,0.174,0.1337,ok,-19.471,-19.746,-21.068,-19.946,-1.322,1.122,0.3876
22,939,Rice,92.27,94.33,0.314,0.1779,ok,-17.417,-18.905,-18.659,-17.379,0.246,1.281,0.4695
22,940,Rice,27.59,68.22,0.069,0.2197,ok,-20.733,-19.539,-21.215,-19.66,-1.677,1.555,0.2863
22,941,Rice,86.45,90.17,0.144,0.1231,ok,-19.333,-18.542,-17.819,-18.259,0.724,-0.44,0.4755
22,942,Rice,57.75,80.57,0.107,0.0647,ok,-20.596,-19.553,-20.316,-19.207,-0.762,1.108,0.4709
22,943,Rice,20.63,62.49,0.11,0.1824,ok,-20.556,-20.133,-21.267,-20.344,-1.134,0.923,0.2697
22,944,Maize,20.54,67.92,0.014,0.1609,ok,-19.555,-19.053,-20.006,-20.162,-0.953,-0.156,0.2732
22,945,Rice,60.24,71.35,0.022,0.2286,ok,-18.061,-18.309,-19.861,-17.998,-1.552,1.863,0.2483
22,946,Rice,48.19,61.54,0.043,0.2019,ok,-19.709,-19.237,-21.02,-18.118,-1.783,2.902,0.4942
22,947,Rice,46.7,70.2,0.025,0.3391,ok,-19.46,-19.461,-20.422,-19.351,-0.96,1.071,0.3035
22,948,Groundnut,16.73,20.72,0.165,0.2397,ok,-18.535,-18.023,-21.698,-20.995,-3.676,0.704,0.2077
22,949,Rice,80.61,57.92,0.08,0.2458,ok,-18.786,-19.048,-18.759,-18.242,0.289,0.517,0.3965
22,950,Cotton,46.09,48.04,0.147,0.1191,ok,-19.195,-17.856,-20.978,-18.349,-3.122,2.629,0.3747
22,951,Groundnut,51.91,56.33,0.246,0.1117,ok,-19.38,-19.1,-20.936,-20.295,-1.836,0.641,0.2494
22,952,Rice,34.42,61.42,0.099,0.1427,ok,-19.116,-19.0,-20.859,-19.339,-1.858,1.519,0.4126
22,953,Groundnut,65.43,76.19,0.114,0.1112,ok,-19.312,-19.536,-20.48,-20.229,-0.944,0.251,0.2672
22,954,Rice,27.86,74.55,0.221,0.1189,ok,-20.303,-19.62,-20.977,-20.017,-1.357,0.96,0.341
22,955,Rice,17.08,64.67,0.093,0.1599,ok,-20.41,-19.87,-21.75,-20.002,-1.88,1.748,0.3671
22,956,Cotton,32.93,62.27,0.166,0.2369,ok,-20.049,-19.438,-21.674,-19.392,-2.236,2.282,0.2668
22,957,Cotton,40.7,65.36,0.068,0.1368,ok,-19.311,-18.664,-20.001,-19.347,-1.337,0.654,0.3872
22,958,Groundnut,23.1,4.62,0.124,0.228,ok,-18.701,-6.167,-21.827,-20.353,-15.66,1.474,0.2048
22,959,Maize,36.96,85.45,0.072,0.1805,ok,-19.867,-19.625,-20.043,-20.219,-0.418,-0.176,0.2703
22,960,Cotton,51.19,48.35,0.0,0.2464,no_valid_sar,,,,,,,0.3297
22,961,Cotton,51.19,48.35,0.0,0.3767,no_valid_sar,,,,,,,0.2593
22,962,Cotton,51.19,48.35,0.0,0.2254,no_valid_sar,,,,,,,0.2889
22,963,Cotton,51.19,48.35,0.0,0.2291,no_valid_sar,,,,,,,0.3127
22,964,Cotton,51.19,48.35,0.0,0.1753,no_valid_sar,,,,,,,0.3849
22,965,Cotton,51.19,48.35,0.0,0.2093,no_valid_sar,,,,,,,0.472
22,966,Groundnut,33.91,1.99,0.042,0.792,partial_coverage,-20.088,8.519,-20.009,-20.218,-28.528,-0.209,0.3873
